Updated On,State,Total Doses Administered,Sessions,Sites,First Dose Administered,Second Dose Administered,Precautionary Dose Administrered,Male (Doses Administered),Female (Doses Administered),Transgender (Doses Administered),Covaxin (Doses Administered),CoviShield (Doses Administered),Sputnik V (Doses Administered),AEFI,18-44 Years (Doses Administered),45-60 Years (Doses Administered),60+ Years (Doses Administered),18-44 Years (Individuals Vaccinated),45-60 Years (Individuals Vaccinated),60+ Years (Individuals Vaccinated),Male (Individuals Vaccinated),Female (Individuals Vaccinated),Transgender (Individuals Vaccinated)
21/08/2022,Andaman and Nicobar Islands,897798,18953,29,346239,350169,201390,371039,325251,117,47813,822122,0,13,404883,162987,104421,,,,,,
21/08/2022,Andhra Pradesh,103715397,1415842,631,44673647,47538340,11503410,44671702,47522079,18150,18837462,81798913,63738,1636,48402819,25158432,16553646,,,,,,
21/08/2022,Arunachal Pradesh,1839196,880,4,953365,803947,81884,946730,810211,372,124234,1652592,0,300,1145799,358767,143244,,,,,,
21/08/2022,Assam,49483182,572876,370,24704532,21915134,2863516,22882006,23731013,6638,7235761,40807304,2398,349,28653015,10376881,5196758,,,,,,
21/08/2022,Bihar,148709190,3495397,1518,72757540,65522847,10428803,67640663,70606540,33141,25383455,116369584,13142,641,79004393,24592160,19939708,,,,,,
21/08/2022,Chandigarh,2254943,9500,23,1183168,979924,91851,1222074,940580,438,137726,2054922,0,181,1376304,433582,250355,,,,,,
21/08/2022,Chhattisgarh,46004478,3487983,1417,21139739,19859687,5005052,20208048,20785675,5695,7156503,37139419,9735,2372,23276770,9558463,5762319,,,,,,
21/08/2022,Dadra and Nagar Haveli and Daman and Diu,661256,0,0,319493,277619,64144,380752,216174,186,27074,619776,0,48,437791,94892,39967,,,,,,
21/08/2022,Dadra and Nagar Haveli and Daman and Diu,878280,22500,24,460846,352433,65001,553561,259606,111,42094,816647,0,89,617839,116634,35294,,,,,,
21/08/2022,Delhi,36248177,315129,711,18220411,15505095,2522671,18993364,14719116,13001,8954015,26082366,95433,1545,21788369,6395005,3513283,,,,,,
21/08/2022,Goa,2849641,38110,45,1438129,1290914,120598,1512690,1216056,293,165240,2625412,0,634,1599683,608035,440500,,,,,,
21/08/2022,Gujarat,121034415,1272880,844,54322063,53756543,12955809,58836048,49222392,20033,18330595,99171367,32605,4506,62553340,23905163,17331708,,,,,,
21/08/2022,Haryana,45025008,400822,129,23637343,19725688,1661977,23648611,19704764,9648,8368371,35730392,82953,2039,26817725,8316252,6140308,,,,,,
21/08/2022,Himachal Pradesh,14472805,11907,51,6619803,6271393,1581609,6638625,6249438,3127,819121,13172587,2974,827,7065879,2987962,2416153,,,,,,
21/08/2022,Jammu and Kashmir,24084811,180949,334,11359619,11701973,1023219,12640837,10416487,4265,3142523,19771959,0,309,12912340,4981852,2971912,,,,,,
21/08/2022,Jharkhand,42026603,389331,315,23749115,17186651,1090837,20554375,20371599,9777,8550302,32025209,11146,4066,24788805,7892678,4879925,,,,,,
21/08/2022,Karnataka,118008742,3931579,1593,55092899,54961976,7953867,55751040,54283825,19947,19570410,94011692,114336,4937,62326476,24196681,18199301,,,,,,
21/08/2022,Kerala,57130942,17488,40,29115083,25156540,2859319,25882135,28373378,16076,7251692,48539484,72737,3117,25522734,14163669,13229304,,,,,,
21/08/2022,Ladakh,542685,221,1,237836,202184,102665,248398,191568,52,24695,502063,0,21,286090,86469,82588,,,,,,
21/08/2022,Lakshadweep,132049,680,1,61655,59861,10533,64537,56973,6,7095,121432,0,18,67523,30745,19551,,,,,,
21/08/2022,Maharashtra,175160289,1360405,944,91421964,75983102,7755223,88731231,78636752,37019,27881256,142554098,266673,6349,95542838,36538889,27896835,,,,,,
21/08/2022,Meghalaya,2584556,0,0,1438609,1076077,69870,1278698,1235664,324,131058,2402469,0,324,1690085,513001,200835,,,,,,
21/08/2022,Manipur,3155416,9112,13,1624995,1296938,233483,1491808,1429400,725,193896,2870772,2688,178,1731087,685187,409087,,,,,,
21/08/2022,Madhya Pradesh,128140309,191870,181,60600061,58824582,8715666,62081955,57315388,27261,22440672,101834079,22757,4278,71682498,23758684,15763997,,,,,,
21/08/2022,Mizoram,1721916,0,0,889891,734825,97200,812197,812199,319,111451,1532977,0,1233,955128,326417,222984,,,,,,
21/08/2022,Nagaland,1708887,9290,13,919390,736576,52921,899996,755702,268,118708,1540002,7401,77,1083701,319191,153294,,,,,,
21/08/2022,Odisha,74212489,969194,953,35099394,32519854,6593241,33233023,34370256,15931,12387373,59129632,5954,980,36810547,15191312,11258391,,,,,,
21/08/2022,Punjab,46269235,270089,212,24084776,20765999,1418460,23886968,20957380,6427,7243339,37907439,15350,747,25711190,9980102,7051584,,,,,,
21/08/2022,Puducherry,1998478,123121,53,986321,797491,214666,857258,926184,370,94171,1855153,0,34,975934,428698,311485,,,,,,
21/08/2022,Rajasthan,112219872,1125595,518,56776793,50243282,5199797,54957287,52039721,22919,18281212,90333109,18668,3067,61382370,21295652,17272417,,,,,,
21/08/2022,Sikkim,1289435,0,0,590552,551134,147749,618398,522868,417,74215,1175895,0,374,733799,216341,147746,,,,,,
21/08/2022,Tamil Nadu,121889120,10150330,2795,60722254,55672843,5494023,57012416,59358953,23687,20212452,98449235,99330,3157,65309190,27857285,17687511,,,,,,
21/08/2022,Telangana,67655579,3606401,886,32349292,31210434,4095853,31998044,31548870,12787,10980937,54616654,145114,7727,36901281,13839187,9093313,,,,,,
21/08/2022,Tripura,5683616,59302,125,2908819,2496889,277908,2733401,2671485,819,451945,5046705,0,295,2851788,1466025,823743,,,,,,
21/08/2022,Uttar Pradesh,363557584,30299193,12138,176517541,167075474,19964569,176278433,167181923,132387,69997269,277289272,56150,5281,202461020,63895292,39923659,,,,,,
21/08/2022,Uttarakhand,19323747,265726,174,9091546,8649807,1582394,9095765,8638415,7162,2501724,16126564,4217,562,10578787,3429744,2882643,,,,,,
21/08/2022,West Bengal,152356549,411394,427,73404133,66280899,12671517,68264041,71394695,26170,21140834,126587956,86911,5086,77506709,33865725,22293503,,,,,,
21/08/2022,India,2100394680,64434049,27512,1023657615,939810895,136926170,997878154,959798580,476065,348418693,1675087253,1232410,67397,1122956529,418024041,290643272,,,,,,
22/08/2022,Andaman and Nicobar Islands,903196,15242,26,346296,350318,206582,371147,325349,117,47813,827484,0,13,405146,163061,104814,,,,,,
22/08/2022,Andhra Pradesh,104160529,5008730,1970,44675871,47539322,11945336,44673416,47523570,18151,18870893,82202889,63738,1636,48409096,25159439,16585344,,,,,,
22/08/2022,Arunachal Pradesh,1841271,25882,80,953609,804689,82973,947196,810731,372,124535,1653686,0,300,1146055,358812,143332,,,,,,
22/08/2022,Assam,49512149,1973938,1641,24708138,21921015,2882996,22886117,23736384,6643,7240178,40826397,2398,349,28655248,10377469,5199050,,,,,,
22/08/2022,Bihar,148931583,6209862,3023,72780571,65588268,10562744,67685176,70650456,33164,25422848,116494368,13142,641,79039017,24597998,19965304,,,,,,
22/08/2022,Chandigarh,2256342,24850,42,1183372,980449,92521,1222458,940925,438,137919,2055638,0,181,1376444,433612,250427,,,,,,
22/08/2022,Chhattisgarh,46116291,6339603,2714,21144614,19877743,5093934,20219472,20797178,5699,7168225,37232489,9735,2372,23290558,9562227,5773919,,,,,,
22/08/2022,Dadra and Nagar Haveli and Daman and Diu,662509,14643,17,319507,277681,65321,380796,216206,186,27074,621029,0,48,437865,94902,39992,,,,,,
22/08/2022,Dadra and Nagar Haveli and Daman and Diu,879165,24100,27,460877,352488,65800,553617,259636,111,42094,817532,0,89,617923,116647,35313,,,,,,
22/08/2022,Delhi,36277229,358734,904,18222069,15509690,2545470,18996228,14722501,13005,8959120,26104157,95433,1545,21792941,6395781,3515586,,,,,,
22/08/2022,Goa,2850676,46141,50,1438171,1291018,121487,1512769,1216123,293,165260,2626392,0,634,1599885,608066,440591,,,,,,
22/08/2022,Gujarat,121371829,2407207,3677,54324139,53764683,13283007,58841488,49227166,20035,18354001,99481731,32605,4506,62562800,23907045,17358964,,,,,,
22/08/2022,Haryana,45044033,1323452,795,23638446,19729819,1675768,23651427,19707179,9651,8371699,35744371,82953,2039,26820656,8316722,6142081,,,,,,
22/08/2022,Himachal Pradesh,14504242,217323,799,6620318,6272615,1611309,6639497,6250303,3127,819368,13203405,2974,827,7067874,2988265,2420474,,,,,,
22/08/2022,Jammu and Kashmir,24116161,499149,800,11359781,11704113,1052267,12642026,10417600,4265,3143056,19790086,0,309,12914203,4982283,2976285,,,,,,
22/08/2022,Jharkhand,42054209,680713,849,23752598,17195430,1106181,20560367,20377863,9783,8556305,32037378,11146,4066,24792829,7893483,4882382,,,,,,
22/08/2022,Karnataka,118069798,5457297,2923,55093828,54966508,8009462,55754037,54286288,19948,19578908,94061953,114336,4937,62329687,24197287,18205264,,,,,,
22/08/2022,Kerala,57145551,306145,630,29115847,25158767,2870937,25883601,28374902,16077,7252377,48552217,72738,3117,25524315,14164000,13231651,,,,,,
22/08/2022,Ladakh,543086,5074,17,237841,202197,103048,248406,191578,52,24695,502464,0,21,286150,86481,82608,,,,,,
22/08/2022,Lakshadweep,132507,6800,10,61655,59879,10973,64547,56981,6,7095,121890,0,18,67541,30754,19610,,,,,,
22/08/2022,Maharashtra,175266165,5623689,4599,91429849,76003752,7832564,88746371,78650142,37024,27896744,142626025,266673,6349,95553814,36541573,27912646,,,,,,
22/08/2022,Meghalaya,2585285,58002,84,1438673,1076221,70391,1278780,1235790,324,131149,2403102,0,324,1690230,513020,200883,,,,,,
22/08/2022,Manipur,3158646,79074,122,1625307,1298029,235310,1492516,1430095,725,194241,2873014,2690,178,1731582,685286,409430,,,,,,
22/08/2022,Madhya Pradesh,128166856,1489276,1393,60600538,58826952,8739366,62083476,57316713,27262,22446049,101851301,22757,4278,71683490,23758884,15766048,,,,,,
22/08/2022,Mizoram,1722843,25385,21,889968,735021,97854,812328,812341,319,111511,1533713,0,1233,955207,326440,223044,,,,,,
22/08/2022,Nagaland,1709723,44233,53,919515,736743,53465,900160,755830,268,118768,1540596,7401,77,1083920,319241,153360,,,,,,
22/08/2022,Odisha,74389043,1543900,1516,35103541,32533637,6751865,33241997,34379204,15938,12406535,59282937,5954,980,36820143,15194036,11279848,,,,,,
22/08/2022,Punjab,46301443,1572863,1366,24087855,20774271,1439317,23892946,20962752,6428,7247593,37932458,15350,747,25717598,9981489,7056116,,,,,,
22/08/2022,Puducherry,2005673,127744,71,986553,799195,219925,858239,927139,370,94171,1862114,0,34,977268,429196,312593,,,,,,
22/08/2022,Rajasthan,112302433,3888175,3271,56783491,50259624,5259318,54969339,52050702,22926,18291800,90386275,18668,3067,61390639,21297150,17281062,,,,,,
22/08/2022,Sikkim,1292239,17900,29,590585,551267,150387,618482,522950,417,74316,1178587,0,374,733953,216366,147875,,,,,,
22/08/2022,Tamil Nadu,121983486,2253179,967,60727513,55706307,5549666,57032970,59377111,23698,20228520,98524049,99330,3160,65330895,27864753,17699523,,,,,,
22/08/2022,Telangana,67768603,4912138,1816,32351114,31216198,4201291,32002052,31552445,12790,10989517,54718875,145115,7727,36905371,13840245,9107553,,,,,,
22/08/2022,Tripura,5689768,365014,435,2909055,2497676,283037,2733885,2672024,819,452133,5052316,0,295,2852394,1466182,824293,,,,,,
22/08/2022,Uttar Pradesh,364169389,20908275,7816,176531399,167122910,20515080,176310383,167211246,132408,70070466,277797578,56155,5281,202492224,63902207,39997083,,,,,,
22/08/2022,Uttarakhand,19352492,502652,507,9092568,8651614,1608310,9097327,8639682,7162,2503626,16144805,4217,562,10580303,3429923,2884560,,,,,,
22/08/2022,West Bengal,152622085,2215591,3282,73409302,66299165,12913618,68275270,71406897,26174,21161324,126829489,86911,5086,77521322,33870299,22322868,,,,,,
22/08/2022,India,2103323906,76571975,48342,1023756249,940101438,139466219,998080309,959991982,476175,348731926,1677494790,1232419,67400,1123156586,418070624,290951776,,,,,,
23/08/2022,Andaman and Nicobar Islands,908322,17585,32,346360,350474,211488,371260,325456,117,47813,832576,0,13,405473,163166,105263,,,,,,
23/08/2022,Andhra Pradesh,104516143,4524451,1937,44676944,47540131,12299068,44674442,47524426,18151,18900860,82515776,63738,1636,48413867,25160171,16606361,,,,,,
23/08/2022,Arunachal Pradesh,1843147,18333,49,953818,805354,83975,947596,811205,372,124774,1654790,0,300,1146293,358857,143410,,,,,,
23/08/2022,Assam,49550948,2117796,1682,24714469,21929867,2906612,22892704,23744980,6643,7246573,40849361,2398,349,28657953,10378239,5201850,,,,,,
23/08/2022,Bihar,149117556,5821421,2744,72800428,65643088,10674040,67722942,70687348,33183,25453817,116594708,13142,641,79068165,24602574,19986818,,,,,,
23/08/2022,Chandigarh,2257491,25720,44,1183548,980822,93121,1222778,941154,438,138083,2056301,0,181,1376590,433644,250487,,,,,,
23/08/2022,Chhattisgarh,46199559,4503861,2199,21148974,19893698,5156887,20229855,20807105,5704,7178867,37298222,9735,2372,23301864,9564940,5783036,,,,,,
23/08/2022,Dadra and Nagar Haveli and Daman and Diu,664026,11667,18,319532,277740,66754,380841,216245,186,27074,622546,0,48,437956,94911,40032,,,,,,
23/08/2022,Dadra and Nagar Haveli and Daman and Diu,880074,25000,29,460955,352612,66507,553733,259722,111,42094,818305,0,89,617988,116655,35346,,,,,,
23/08/2022,Delhi,36310691,384326,926,18224484,15515498,2570709,19000209,14726743,13005,8964855,26128548,95433,1545,21798061,6396834,3518035,,,,,,
23/08/2022,Goa,2851844,42541,52,1438230,1291113,122501,1512866,1216180,293,165261,2627547,0,634,1600179,608097,440666,,,,,,
23/08/2022,Gujarat,121720673,2456196,3619,54325895,53776486,13618292,58848670,49233540,20038,18378361,99800354,32605,4506,62573843,23909703,17386903,,,,,,
23/08/2022,Haryana,45062886,1140474,747,23639527,19734734,1688625,23654731,19709871,9651,8375005,35757595,82953,2039,26823554,8317220,6143905,,,,,,
23/08/2022,Himachal Pradesh,14538398,245775,853,6620906,6273738,1643754,6640381,6251130,3127,819503,13237122,2974,827,7070017,2988682,2425283,,,,,,
23/08/2022,Jammu and Kashmir,24146762,463793,799,11360018,11706484,1080260,12643479,10418754,4266,3143784,19809306,0,309,12916600,4982767,2980466,,,,,,
23/08/2022,Jharkhand,42086283,625495,774,23757108,17205548,1123627,20567400,20385455,9786,8563448,32050123,11146,4066,24797061,7894417,4885199,,,,,,
23/08/2022,Karnataka,118122813,5277769,2720,55094784,54972128,8055901,55757581,54289320,19948,19587358,94102910,114336,4937,62332408,24197753,18210575,,,,,,
23/08/2022,Kerala,57161174,358282,692,29116340,25160642,2884192,25884774,28376097,16077,7253567,48566173,72740,3117,25526070,14164391,13234774,,,,,,
23/08/2022,Ladakh,543461,4354,16,237854,202223,103384,248430,191593,52,24715,502819,0,21,286228,86495,82616,,,,,,
23/08/2022,Lakshadweep,133023,6450,10,61660,59913,11450,64564,57003,6,7095,122394,0,18,67576,30760,19669,,,,,,
23/08/2022,Maharashtra,175384580,5470341,4485,91440741,76029076,7914763,88765756,78666966,37031,27914649,142700916,266673,6350,95565887,36544328,27929768,,,,,,
23/08/2022,Meghalaya,2586537,55000,88,1438739,1076337,71461,1278862,1235890,324,131229,2404274,0,324,1690402,513035,200962,,,,,,
23/08/2022,Manipur,3161453,57587,109,1625885,1299037,236531,1493204,1430993,725,194545,2874599,2690,178,1731968,685371,409611,,,,,,
23/08/2022,Madhya Pradesh,128198213,1529569,1627,60602257,58829053,8766903,62085356,57318652,27263,22450790,101874257,22757,4278,71684680,23759119,15768584,,,,,,
23/08/2022,Mizoram,1725035,37118,31,890181,735441,99413,812636,812666,319,111625,1535367,0,1233,955407,326473,223280,,,,,,
23/08/2022,Nagaland,1710147,39945,46,919580,736833,53734,900237,755908,268,118805,1540920,7401,77,1084025,319253,153389,,,,,,
23/08/2022,Odisha,74540723,1488525,1381,35108067,32546484,6886172,33250846,34387726,15940,12425349,59411053,5954,980,36828626,15196529,11297552,,,,,,
23/08/2022,Punjab,46337496,1609167,1350,24091550,20783878,1462068,23900078,20968917,6433,7252493,37960034,15350,747,25724702,9983239,7060938,,,,,,
23/08/2022,Puducherry,2013889,129912,65,986878,801152,225859,859360,928300,370,94185,1869857,0,34,978810,429771,313794,,,,,,
23/08/2022,Rajasthan,112389019,4047775,3282,56792274,50279553,5317192,54984529,52064220,22930,18304061,90441148,18668,3067,61400496,21298914,17289731,,,,,,
23/08/2022,Sikkim,1297373,25722,53,590638,551420,155315,618581,523057,417,74399,1183615,0,374,734180,216416,148107,,,,,,
23/08/2022,Tamil Nadu,122067663,2907691,1515,60738118,55741917,5587628,57056935,59399348,23711,20239466,98592684,99330,3160,65358025,27874349,17711341,,,,,,
23/08/2022,Telangana,67897417,4954934,1791,32353066,31222216,4322135,32006230,31556236,12791,11002389,54832033,145115,7727,36910273,13841425,9123903,,,,,,
23/08/2022,Tripura,5695807,349200,472,2909316,2498634,287857,2734467,2672661,819,452496,5057642,0,295,2853099,1466391,824808,,,,,,
23/08/2022,Uttar Pradesh,364752563,19770459,7602,176545316,167167687,21039560,176340179,167240098,132454,70159463,278251936,56157,5281,202521980,63909155,40064518,,,,,,
23/08/2022,Uttarakhand,19379930,498259,499,9093559,8653188,1633183,9098808,8640766,7162,2505468,16164659,4217,562,10581707,3430098,2886330,,,,,,
23/08/2022,West Bengal,152826364,2244580,3230,73414423,66315679,13096262,68285885,71417913,26178,21179308,127010791,86911,5086,77533782,33873968,22345275,,,,,,
23/08/2022,India,2105887128,73287073,47568,1023855963,940383228,141647937,998291185,960193644,476289,349053627,1679653261,1232423,67401,1123355795,418118110,291232585,,,,,,
24/08/2022,Andaman and Nicobar Islands,913229,18204,33,346424,350630,216175,371396,325540,117,47824,837435,0,13,405713,163249,105779,,,,,,
24/08/2022,Andhra Pradesh,104674486,4309934,1770,44677354,47540661,12456471,44674954,47524854,18151,18917056,82652440,63738,1636,48415738,25160536,16616246,,,,,,
24/08/2022,Arunachal Pradesh,1845456,23022,69,954257,805936,85263,948067,811755,372,125034,1656036,0,300,1146556,358907,143528,,,,,,
24/08/2022,Assam,49572937,1752465,1366,24716845,21934051,2922041,22895711,23748530,6646,7249728,40864548,2398,349,28659790,10378672,5203723,,,,,,
24/08/2022,Bihar,149278581,6080461,2890,72817123,65689753,10771705,67755178,70718457,33198,25482798,116684001,13142,642,79095041,24607152,20006950,,,,,,
24/08/2022,Chandigarh,2258476,19510,35,1183620,981015,93841,1222932,941265,438,138131,2057126,0,181,1376758,433683,250574,,,,,,
24/08/2022,Chhattisgarh,46326677,6641450,2694,21154407,19916410,5255860,20244015,20821081,5713,7195273,37402209,9735,2372,23318596,9569027,5795371,,,,,,
24/08/2022,Dadra and Nagar Haveli and Daman and Diu,664985,12144,16,319543,277790,67652,380882,216265,186,27074,623505,0,48,438026,94914,40059,,,,,,
24/08/2022,Dadra and Nagar Haveli and Daman and Diu,880681,25300,29,460979,352658,67044,553768,259757,111,42094,818907,0,89,618048,116662,35364,,,,,,
24/08/2022,Delhi,36342422,338366,842,18226704,15520767,2594951,19003694,14730742,13010,8970231,26152235,95433,1545,21803017,6397697,3520233,,,,,,
24/08/2022,Goa,2853006,44601,53,1438296,1291241,123469,1512974,1216266,293,165283,2628592,0,634,1600291,608114,440725,,,,,,
24/08/2022,Gujarat,122003942,2373878,3423,54328154,53786016,13889772,58854947,49239045,20045,18398913,100056056,32605,4506,62584101,23911864,17410437,,,,,,
24/08/2022,Haryana,45078951,839667,718,23640355,19738228,1700368,23657037,19711886,9652,8377979,35769210,82953,2039,26825973,8317683,6145827,,,,,,
24/08/2022,Himachal Pradesh,14566650,209604,770,6621341,6274673,1670636,6641017,6251864,3127,819618,13265052,2974,827,7071747,2988974,2429217,,,,,,
24/08/2022,Jammu and Kashmir,24174673,452806,754,11360135,11709646,1104892,12645334,10420178,4266,3145949,19827354,0,309,12919653,4983231,2983878,,,,,,
24/08/2022,Jharkhand,42116130,698150,833,23761432,17214643,1140055,20573882,20392391,9787,8569976,32059527,11146,4066,24800516,7895180,4887795,,,,,,
24/08/2022,Karnataka,118301576,7114938,4253,55097989,54989550,8214037,55768651,54298873,19952,19614698,94244677,114336,4937,62341362,24199670,18228534,,,,,,
24/08/2022,Kerala,57163074,66384,166,29116407,25160904,2885763,25884957,28376243,16077,7253680,48567921,72741,3117,25526373,14164447,13235253,,,,,,
24/08/2022,Ladakh,544422,7427,29,237873,202286,104263,248478,191627,52,24735,503722,0,21,286376,86509,82660,,,,,,
24/08/2022,Lakshadweep,133368,6400,10,61661,59925,11782,64569,57011,6,7095,122739,0,18,67595,30763,19692,,,,,,
24/08/2022,Maharashtra,175490410,5563552,4492,91449923,76052095,7988392,88782782,78682131,37041,27930908,142768481,266673,6350,95577565,36547264,27945942,,,,,,
24/08/2022,Meghalaya,2587415,58651,109,1438855,1076581,71979,1279022,1236090,324,131397,2404981,0,324,1690636,513065,201008,,,,,,
24/08/2022,Manipur,3164577,81706,120,1626786,1300204,237587,1494143,1432122,725,194867,2875964,2693,178,1732290,685455,409793,,,,,,
24/08/2022,Madhya Pradesh,128291274,2063714,2130,60604713,58837192,8849369,62090713,57323887,27266,22465202,101944794,22757,4279,71688106,23759676,15777388,,,,,,
24/08/2022,Mizoram,1727237,44995,33,890309,735882,101046,812922,812949,319,111718,1537108,0,1233,955684,326510,223470,,,,,,
24/08/2022,Nagaland,1710834,37564,43,919738,737038,54058,900395,756113,268,118942,1541284,7401,77,1084118,319262,153424,,,,,,
24/08/2022,Odisha,74665163,1365541,1369,35112016,32558309,6994838,33258730,34395611,15945,12442124,59514175,5954,980,36836111,15198673,11313551,,,,,,
24/08/2022,Punjab,46363394,1593890,1302,24093628,20791068,1478698,23905120,20973143,6433,7255771,37980878,15350,747,25730124,9984781,7064782,,,,,,
24/08/2022,Puducherry,2021296,135345,65,987096,802821,231379,860300,929247,370,94185,1876292,0,34,980040,430197,314746,,,,,,
24/08/2022,Rajasthan,112509092,4316367,3805,56802188,50306080,5400824,55003015,52082162,22943,18320177,90514357,18668,3067,61412401,21301214,17302636,,,,,,
24/08/2022,Sikkim,1301005,15432,31,590688,551528,158789,618663,523133,417,74459,1187159,0,374,734312,216455,148264,,,,,,
24/08/2022,Tamil Nadu,122155094,2801969,1437,60751063,55778199,5625832,57082380,59423104,23737,20252289,98664587,99329,3160,65388033,27885225,17724942,,,,,,
24/08/2022,Telangana,68018177,4986174,1798,32355293,31227291,4435593,32010033,31559735,12791,11013543,54938819,145115,7727,36914431,13842508,9138512,,,,,,
24/08/2022,Tripura,5698242,315008,398,2909576,2499067,289599,2734774,2673047,819,452626,5059520,0,295,2853383,1466470,824974,,,,,,
24/08/2022,Uttar Pradesh,365121749,18237753,6817,176555762,167198280,21367707,176361037,167260246,132486,70220539,278521592,56162,5282,202543375,63913744,40106726,,,,,,
24/08/2022,Uttarakhand,19401811,450861,464,9094172,8654182,1653457,9099676,8641504,7163,2506962,16181498,4217,562,10582837,3430253,2887929,,,,,,
24/08/2022,West Bengal,152974960,1759160,2530,73418532,66330385,13226043,68294869,71427737,26185,21193708,127139321,86911,5086,77543983,33877001,22361475,,,,,,
24/08/2022,India,2108211976,74862393,47696,1023955492,940677544,143578940,998491017,960385591,476431,349352586,1681444102,1232431,67404,1123548699,418164687,291481407,,,,,,
25/08/2022,Andaman and Nicobar Islands,919418,17496,33,346519,350816,222083,371560,325657,117,47825,843567,0,13,406017,163336,106300,,,,,,
25/08/2022,Andhra Pradesh,104770196,4207839,1738,44677746,47540961,12551489,44675395,47525105,18151,18926390,82734198,63738,1636,48417142,25160718,16622774,,,,,,
25/08/2022,Arunachal Pradesh,1848189,26522,80,954700,806608,86881,948599,812338,372,125340,1657595,0,300,1146932,358959,143630,,,,,,
25/08/2022,Assam,49604772,2045570,1632,24721539,21940614,2942619,22900651,23754847,6646,7254938,40883907,2398,349,28661952,10379214,5206002,,,,,,
25/08/2022,Bihar,150005552,10291150,4594,72871291,65890374,11243887,67884111,70844231,33280,25599358,117090281,13142,643,79182710,24623880,20096545,,,,,,
25/08/2022,Chandigarh,2259587,19150,37,1183674,981163,94750,1223049,941350,438,138203,2058098,0,181,1376959,433719,250644,,,,,,
25/08/2022,Chhattisgarh,46428673,7017883,2690,21158870,19932952,5336851,20254644,20831455,5715,7205256,37487858,9735,2372,23331039,9571613,5805868,,,,,,
25/08/2022,Dadra and Nagar Haveli and Daman and Diu,665407,6334,10,319553,277819,68035,380905,216281,186,27074,623911,0,48,438057,94918,40070,,,,,,
25/08/2022,Dadra and Nagar Haveli and Daman and Diu,881619,25600,30,460999,352694,67926,553796,259785,111,42094,819845,0,89,618110,116666,35383,,,,,,
25/08/2022,Delhi,36377700,392398,920,18229059,15526443,2622198,19007431,14735030,13016,8976535,26178052,95433,1545,21808426,6398689,3522936,,,,,,
25/08/2022,Goa,2853953,42131,51,1438361,1291397,124195,1513108,1216353,293,165283,2629448,0,634,1600483,608136,440808,,,,,,
25/08/2022,Gujarat,122386221,2522132,3724,54330694,53795095,14260432,58860893,49244717,20046,18416327,100413825,32605,4506,62593554,23913981,17440711,,,,,,
25/08/2022,Haryana,45098401,1003558,777,23641601,19742461,1714339,23660050,19714350,9654,8381048,35782983,82953,2039,26828584,8318174,6147736,,,,,,
25/08/2022,Himachal Pradesh,14603084,235220,847,6621984,6276030,1705070,6641988,6252892,3128,819876,13300839,2974,827,7074222,2989370,2434320,,,,,,
25/08/2022,Jammu and Kashmir,24200324,417296,663,11360312,11712340,1127672,12646940,10421442,4267,3148760,19841912,0,309,12922354,4983665,2987029,,,,,,
25/08/2022,Jharkhand,42144547,620119,709,23764582,17223570,1156395,20579745,20398603,9789,8576231,32070069,11146,4066,24804570,7896080,4890368,,,,,,
25/08/2022,Karnataka,118352636,5183566,2655,55099636,54997603,8255397,55773645,54303578,19953,19622598,94284213,114336,4937,62345173,24200543,18232644,,,,,,
25/08/2022,Kerala,57175234,335282,667,29116766,25162391,2896077,25885896,28377149,16078,7255490,48578045,72741,3117,25527652,14164714,13237515,,,,,,
25/08/2022,Ladakh,544991,5142,18,237890,202308,104793,248506,191638,52,24756,504270,0,21,286447,86518,82680,,,,,,
25/08/2022,Lakshadweep,133853,6520,10,61666,59935,12252,64574,57021,6,7101,123218,0,18,67612,30769,19737,,,,,,
25/08/2022,Maharashtra,175596207,5579031,4372,91460795,76077900,8057512,88801286,78700290,37055,27948054,142830393,266673,6350,95589468,36550238,27961265,,,,,,
25/08/2022,Meghalaya,2588396,73703,113,1439044,1076928,72424,1279274,1236374,324,131690,2405570,0,324,1690818,513079,201041,,,,,,
25/08/2022,Manipur,3166929,52723,90,1627260,1301028,238641,1494775,1432785,728,195190,2877178,2693,178,1732554,685500,409948,,,,,,
25/08/2022,Madhya Pradesh,128326169,1566142,1562,60605434,58840811,8879924,62092893,57326045,27268,22469824,101971197,22757,4279,71689711,23759967,15780899,,,,,,
25/08/2022,Mizoram,1729001,33118,21,890514,736433,102054,813271,813356,319,111872,1537836,0,1233,955822,326537,223591,,,,,,
25/08/2022,Nagaland,1711500,32540,39,919836,737186,54478,900531,756223,268,119001,1541820,7401,77,1084269,319281,153463,,,,,,
25/08/2022,Odisha,74772408,1241944,1246,35114927,32568793,7088688,33265647,34402088,15946,12456172,59602510,5954,980,36842418,15200414,11326179,,,,,,
25/08/2022,Punjab,46392008,1507423,1263,24096304,20798615,1497089,23910620,20977864,6435,7259890,38002429,15350,747,25735454,9986162,7068734,,,,,,
25/08/2022,Puducherry,2029098,148950,61,987301,804649,237148,861343,930236,371,94249,1883309,0,34,981430,430703,315820,,,,,,
25/08/2022,Rajasthan,112577194,3715148,2766,56807322,50319468,5450404,55012420,52091279,22943,18328032,90560903,18668,3067,61420685,21302810,17310077,,,,,,
25/08/2022,Sikkim,1303239,14547,27,590742,551643,160854,618752,523213,417,74538,1189259,0,374,734398,216468,148379,,,,,,
25/08/2022,Tamil Nadu,122233110,2847873,1489,60765150,55808772,5659188,57105746,59444381,23753,20261977,98727939,99329,3160,65413176,27894945,17736029,,,,,,
25/08/2022,Telangana,68218657,5139969,1912,32359653,31235924,4623080,32016882,31565879,12791,11029132,55115868,145115,7728,36920280,13844047,9164428,,,,,,
25/08/2022,Tripura,5703662,479510,452,2909901,2500101,293660,2735407,2673773,819,453160,5063107,0,295,2853889,1466636,825471,,,,,,
25/08/2022,Uttar Pradesh,365895067,20213698,8547,176569121,167252076,22073870,176395579,167292802,132543,70346546,279134671,56167,5282,202581362,63921842,40199652,,,,,,
25/08/2022,Uttarakhand,19424785,452954,467,9094981,8655669,1674135,9100807,8642666,7166,2508355,16199449,4217,562,10583833,3430377,2889396,,,,,,
25/08/2022,West Bengal,153111752,1580013,2344,73421754,66343343,13346655,68302710,71436074,26187,21205228,127254913,86911,5086,77552791,33879580,22377310,,,,,,
25/08/2022,India,2111385339,79100194,48656,1024095460,941126057,146163822,998783429,960669150,476631,349753393,1683804485,1232436,67406,1123800353,418222248,291835382,,,,,,
26/08/2022,Andaman and Nicobar Islands,923777,15207,34,346603,350998,226176,371709,325774,117,47836,847823,0,13,406267,163411,106633,,,,,,
26/08/2022,Andhra Pradesh,104992834,4637424,1930,44679051,47541736,12772047,44676509,47526071,18151,18946371,82925371,63738,1636,48420280,25161246,16640663,,,,,,
26/08/2022,Arunachal Pradesh,1850762,22465,63,955114,807620,88028,949288,813075,372,125620,1658733,0,300,1147217,358997,143703,,,,,,
26/08/2022,Assam,49635406,2029795,1586,24726285,21947055,2962066,22905633,23761050,6648,7259987,40901850,2398,349,28663965,10379739,5208275,,,,,,
26/08/2022,Bihar,150194154,5859264,2784,72891005,65944484,11358665,67921921,70880231,33294,25630701,117189398,13142,644,79212844,24629051,20117871,,,,,,
26/08/2022,Chandigarh,2260626,20135,37,1183705,981284,95637,1223127,941424,438,138264,2059055,0,181,1377165,433743,250698,,,,,,
26/08/2022,Chhattisgarh,46489674,3713949,1513,21161585,19943737,5384352,20261460,20838135,5719,7211392,37540188,9735,2372,23339643,9573491,5813267,,,,,,
26/08/2022,Dadra and Nagar Haveli and Daman and Diu,666841,14971,18,319573,277872,69396,380960,216299,186,27074,625345,0,48,438132,94926,40179,,,,,,
26/08/2022,Dadra and Nagar Haveli and Daman and Diu,882547,24450,29,461032,352784,68731,553854,259850,111,42094,820740,0,89,618190,116680,35409,,,,,,
26/08/2022,Delhi,36408899,388831,896,18231105,15531718,2646076,19010954,14738825,13019,8981693,26200986,95433,1545,21813064,6399452,3525173,,,,,,
26/08/2022,Goa,2854604,44053,53,1438420,1291479,124705,1513198,1216404,293,165338,2630010,0,634,1600589,608151,440864,,,,,,
26/08/2022,Gujarat,122740688,2452801,3573,54333258,53802175,14605255,58865862,49249391,20047,18432017,100746058,32605,4506,62602174,23915798,17469345,,,,,,
26/08/2022,Haryana,45118694,1171504,794,23642772,19746803,1729119,23663142,19716770,9655,8384219,35797686,82953,2039,26831139,8318634,6149770,,,,,,
26/08/2022,Himachal Pradesh,14636409,206151,837,6622716,6277701,1735992,6643284,6253999,3128,820194,13332983,2974,827,7076518,2989714,2438832,,,,,,
26/08/2022,Jammu and Kashmir,24221992,395954,603,11360491,11714854,1146647,12648418,10422656,4268,3149772,19854731,0,309,12924562,4984028,2989637,,,,,,
26/08/2022,Jharkhand,42177689,656700,852,23769348,17232530,1175811,20586376,20405692,9795,8582434,32079889,11146,4065,24808391,7896941,4893112,,,,,,
26/08/2022,Karnataka,118414893,5352228,2915,55101018,55004171,8309704,55777914,54307258,19954,19631164,94335996,114336,4937,62349901,24201330,18238255,,,,,,
26/08/2022,Kerala,57184778,271211,483,29117079,25163571,2904128,25886659,28377878,16079,7257231,48585743,72742,3117,25528962,14164957,13239081,,,,,,
26/08/2022,Ladakh,545331,3842,15,237906,202341,105084,248530,191663,52,24775,504591,0,21,286525,86524,82697,,,,,,
26/08/2022,Lakshadweep,134445,5550,10,61668,59941,12836,64575,57028,6,7101,123810,0,18,67629,30776,19781,,,,,,
26/08/2022,Maharashtra,175663382,4737857,3418,91466617,76090670,8106095,88810858,78709303,37062,27956374,142874920,266673,6353,95596789,36551939,27970288,,,,,,
26/08/2022,Meghalaya,2589292,49461,77,1439154,1077181,72957,1279422,1236589,324,131806,2406210,0,324,1690960,513093,201095,,,,,,
26/08/2022,Manipur,3170000,64318,115,1627883,1301768,240349,1495488,1433435,728,195438,2879253,2694,178,1733013,685593,410210,,,,,,
26/08/2022,Madhya Pradesh,128357830,1528683,1610,60606091,58843966,8907773,62094904,57327846,27268,22475937,101994006,22757,4279,71691142,23760240,15783229,,,,,,
26/08/2022,Mizoram,1731018,40997,30,890595,736601,103822,813398,813477,320,111898,1539278,0,1233,955998,326576,223785,,,,,,
26/08/2022,Nagaland,1712328,39810,48,919956,737389,54983,900683,756394,268,119094,1542412,7401,77,1084465,319314,153528,,,,,,
26/08/2022,Odisha,74935282,1372832,1441,35118741,32582297,7234244,33274204,34410847,15948,12472154,59744986,5954,980,36851057,15202946,11345942,,,,,,
26/08/2022,Punjab,46424977,1488963,1269,24099472,20807272,1518233,23916922,20983386,6436,7265044,38027036,15350,747,25741930,9987624,7072963,,,,,,
26/08/2022,Puducherry,2038353,153772,74,987749,806829,243775,862616,931590,372,94377,1891379,0,34,983010,431212,316945,,,,,,
26/08/2022,Rajasthan,112673050,3943429,3368,56814290,50340406,5518354,55026760,52104837,22951,18341208,90617272,18668,3067,61430573,21304545,17319770,,,,,,
26/08/2022,Sikkim,1304863,17712,28,590771,551729,162363,618819,523261,417,74578,1190791,0,374,734465,216482,148454,,,,,,
26/08/2022,Tamil Nadu,122317280,2679320,1446,60782262,55840328,5694690,57131056,59467724,23768,20273150,98793870,99329,3161,65439413,27904790,17746688,,,,,,
26/08/2022,Telangana,68477955,5318752,1893,32362815,31246349,4868791,32023827,31572519,12793,11051037,55321225,145116,7728,36927295,13845843,9198752,,,,,,
26/08/2022,Tripura,5707781,423550,321,2910247,2501062,296472,2736036,2674451,819,453640,5065122,0,295,2854272,1466741,825956,,,,,,
26/08/2022,Uttar Pradesh,366455904,20046408,7757,176580655,167296875,22578374,176424658,167320039,132560,70449789,279562323,56181,5282,202612216,63928764,40266650,,,,,,
26/08/2022,Uttarakhand,19448001,444138,441,9095751,8657323,1694927,9101926,8643969,7168,2509817,16218167,4217,562,10584966,3430522,2891098,,,,,,
26/08/2022,West Bengal,153301269,1798237,2941,73427134,66361224,13512911,68313840,71448198,26194,21224851,127405055,86911,5086,77564199,33882911,22399165,,,,,,
26/08/2022,India,2113967456,71434724,45302,1024195526,941401168,148370762,998978790,960857338,476728,350065469,1685834291,1232453,67410,1123988920,418266724,292117763,,,,,,
27/08/2022,Andaman and Nicobar Islands,927909,15285,34,346661,351124,230124,371821,325846,117,47983,851785,0,13,406478,163485,106975,,,,,,
27/08/2022,Andhra Pradesh,105109753,4245562,1796,44679629,47542026,12888098,44677015,47526433,18151,18967030,83016337,63738,1636,48422022,25161566,16649039,,,,,,
27/08/2022,Arunachal Pradesh,1852047,18361,54,955249,807850,88948,949504,813224,372,125724,1659557,0,300,1147389,359027,143780,,,,,,
27/08/2022,Assam,49656390,1681107,1368,24728591,21950364,2977435,22908115,23764183,6648,7262990,40916121,2398,349,28665410,10380147,5210023,,,,,,
27/08/2022,Bihar,150443682,6871736,3079,72914485,66022389,11506808,67972096,70931408,33327,25665000,117316557,13142,644,79253385,24637157,20144707,,,,,,
27/08/2022,Chandigarh,2261762,20910,38,1183758,981460,96544,1223243,941537,438,138343,2060047,0,181,1377385,433772,250821,,,,,,
27/08/2022,Chhattisgarh,46596660,4986999,2193,21165045,19959469,5472146,20271148,20847638,5720,7223507,37631246,9735,2372,23352876,9576434,5824422,,,,,,
27/08/2022,Dadra and Nagar Haveli and Daman and Diu,667912,14908,19,319600,277956,70356,381027,216343,186,27087,626381,0,48,438225,94941,40227,,,,,,
27/08/2022,Dadra and Nagar Haveli and Daman and Diu,883236,26220,30,461056,352848,69332,553901,259891,111,42136,821366,0,89,618259,116684,35421,,,,,,
27/08/2022,Delhi,36452169,405851,923,18234734,15538923,2678512,19016545,14744062,13025,8989555,26231050,95433,1545,21818715,6400435,3528027,,,,,,
27/08/2022,Goa,2855250,43211,54,1438450,1291526,125274,1513242,1216437,293,165391,2630602,0,634,1600684,608161,440913,,,,,,
27/08/2022,Gujarat,122992300,2251119,3038,54334920,53807835,14849545,58869875,49252698,20049,18448168,100976538,32605,4506,62608234,23917078,17489284,,,,,,
27/08/2022,Haryana,45133723,1167110,658,23644019,19749992,1739712,23665627,19718719,9657,8386540,35808282,82953,2039,26833172,8318955,6151029,,,,,,
27/08/2022,Himachal Pradesh,14662809,168908,682,6623185,6278827,1760797,6644100,6254778,3128,820405,13358761,2974,827,7078269,2989994,2442204,,,,,,
27/08/2022,Jammu and Kashmir,24242963,427569,626,11360714,11717532,1164717,12650046,10423928,4269,3151299,19869241,0,310,12926234,4984335,2992393,,,,,,
27/08/2022,Jharkhand,42204978,597314,701,23772414,17240075,1192489,20591710,20410969,9795,8588150,32088440,11146,4065,24811889,7897685,4895756,,,,,,
27/08/2022,Karnataka,118444486,4860313,2391,55101928,55006923,8335635,55779963,54308871,19954,19636788,94358976,114336,4937,62351951,24201700,18240759,,,,,,
27/08/2022,Kerala,57197972,488352,844,29118242,25167820,2911910,25889406,28380541,16081,7258370,48593812,72745,3117,25530115,14165189,13240712,,,,,,
27/08/2022,Ladakh,545752,3430,13,237913,202354,105485,248540,191673,52,24775,505012,0,21,286613,86535,82716,,,,,,
27/08/2022,Lakshadweep,134958,4810,10,61668,59963,13327,64585,57040,6,7106,124315,0,18,67662,30779,19844,,,,,,
27/08/2022,Maharashtra,175747560,4940966,3636,91473053,76108926,8165581,88823735,78721108,37072,27969264,142923916,266673,6355,95606243,36554140,27982482,,,,,,
27/08/2022,Meghalaya,2589794,25910,31,1439228,1077277,73289,1279503,1236678,324,131881,2406612,0,324,1691094,513108,201120,,,,,,
27/08/2022,Manipur,3171830,42401,60,1628171,1302224,241435,1495851,1433816,728,195602,2880574,2694,178,1733235,685639,410409,,,,,,
27/08/2022,Madhya Pradesh,128453964,1883857,1924,60621743,58848827,8983394,62105815,57337446,27270,22492544,102068792,22757,4279,71704554,23762590,15790208,,,,,,
27/08/2022,Mizoram,1731217,5768,6,890604,736650,103963,813431,813502,320,111910,1539441,0,1233,956021,326581,223799,,,,,,
27/08/2022,Nagaland,1712490,4720,6,920039,737420,55031,900736,756455,268,119145,1542472,7401,77,1084493,319316,153534,,,,,,
27/08/2022,Odisha,75109456,1439878,1505,35122886,32595041,7391529,33282384,34419555,15949,12487054,59901283,5954,980,36861033,15205908,11367324,,,,,,
27/08/2022,Punjab,46452724,1324488,1115,24102443,20814788,1535493,23922492,20988300,6439,7270036,38046358,15350,747,25746888,9988676,7076423,,,,,,
27/08/2022,Puducherry,2047610,135272,63,988255,808860,250495,863905,932837,373,94586,1899880,0,34,984520,431736,318167,,,,,,
27/08/2022,Rajasthan,112829505,4180841,3724,56822643,50364332,5642530,55043509,52120359,22959,18356816,90687861,18668,3067,61443593,21307109,17335874,,,,,,
27/08/2022,Sikkim,1305054,2660,4,590787,551767,162500,618851,523283,417,74601,1190921,0,374,734472,216483,148463,,,,,,
27/08/2022,Tamil Nadu,122394117,2804509,1493,60798616,55865370,5730131,57152499,59487667,23778,20282984,98857032,99329,3164,65463454,27913225,17756475,,,,,,
27/08/2022,Telangana,68732541,5440978,1889,32365788,31255121,5111632,32029801,31578286,12797,11078974,55507751,145116,7728,36934307,13847606,9233812,,,,,,
27/08/2022,Tripura,5713673,516742,457,2910563,2501964,301146,2736592,2675113,819,454060,5069341,0,295,2854845,1466883,826685,,,,,,
27/08/2022,Uttar Pradesh,367202317,20845938,8550,176591147,167343018,23268152,176454130,167347156,132606,70510289,280227882,56187,5282,202649240,63937077,40359191,,,,,,
27/08/2022,Uttarakhand,19467858,420325,405,9096566,8658673,1712619,9103124,8644935,7169,2511151,16233739,4217,562,10585947,3430654,2892731,,,,,,
27/08/2022,West Bengal,153384815,1298584,1782,73430016,66370897,13583902,68320201,71454385,26201,21235462,127463751,86911,5087,77570153,33884613,22408404,,,,,,
27/08/2022,India,2116613885,73612912,45201,1024307614,941692835,150613436,999188068,961057100,476868,350352706,1687892032,1232462,67417,1124199059,418315403,292414153,,,,,,
28/08/2022,Andaman and Nicobar Islands,931236,14068,32,346693,351237,233306,371933,325879,117,47985,855110,0,13,406684,163561,107227,,,,,,
28/08/2022,Andhra Pradesh,105129052,1739226,778,44679651,47542053,12907348,44677040,47526457,18151,18968641,83033720,63738,1636,48422147,25161587,16650298,,,,,,
28/08/2022,Arunachal Pradesh,1852142,1280,7,955255,807874,89013,949523,813235,372,125737,1659636,0,300,1147414,359028,143790,,,,,,
28/08/2022,Assam,49657587,310673,188,24728796,21950579,2978212,22908289,23764429,6648,7263185,40916842,2398,349,28665474,10380151,5210108,,,,,,
28/08/2022,Bihar,150494811,3790776,1473,72918417,66043780,11532614,67984879,70943946,33329,25671775,117347708,13142,644,79265212,24639466,20151112,,,,,,
28/08/2022,Chandigarh,2262124,12980,24,1183784,981535,96805,1223287,941594,438,138391,2060306,0,181,1377423,433778,250864,,,,,,
28/08/2022,Chhattisgarh,46623710,2301556,908,21166487,19964071,5493152,20274270,20850558,5722,7226091,37654226,9735,2372,23356553,9577314,5827766,,,,,,
28/08/2022,Dadra and Nagar Haveli and Daman and Diu,667912,0,0,319600,277956,70356,381027,216343,186,27087,626381,0,48,438225,94941,40227,,,,,,
28/08/2022,Dadra and Nagar Haveli and Daman and Diu,883240,22800,26,461056,352849,69335,553902,259891,111,42136,821370,0,89,618260,116684,35421,,,,,,
28/08/2022,Delhi,36485220,322121,721,18236696,15543366,2705158,19019830,14747180,13027,8995616,26255553,95433,1545,21822531,6401088,3530662,,,,,,
28/08/2022,Goa,2855361,37511,44,1438453,1291534,125374,1513247,1216443,293,165391,2630713,0,634,1600701,608161,440921,,,,,,
28/08/2022,Gujarat,123029165,1231595,793,54335237,53808264,14885664,58870259,49253060,20049,18451277,101009722,32605,4506,62609244,23917287,17492184,,,,,,
28/08/2022,Haryana,45135754,445272,120,23644169,19750413,1741172,23665929,19718988,9657,8386868,35809581,82953,2039,26833406,8318992,6151160,,,,,,
28/08/2022,Himachal Pradesh,14665718,22206,83,6623233,6278946,1763539,6644191,6254854,3128,820405,13361670,2974,827,7078480,2990025,2442741,,,,,,
28/08/2022,Jammu and Kashmir,24249377,163168,289,11360760,11718278,1170339,12650492,10424273,4270,3151694,19873843,0,310,12926947,4984443,2993184,,,,,,
28/08/2022,Jharkhand,42216208,407874,337,23773169,17243189,1199850,20593614,20412934,9795,8590457,32092184,11146,4065,24813445,7898093,4896687,,,,,,
28/08/2022,Karnataka,118450575,3903603,1664,55102054,55007236,8341285,55780230,54309043,19954,19637870,94363789,114336,4938,62352332,24201758,18241420,,,,,,
28/08/2022,Kerala,57198340,16493,30,29118254,25167866,2912220,25889437,28380568,16081,7258401,48594121,72745,3117,25530149,14165201,13240768,,,,,,
28/08/2022,Ladakh,545795,221,1,237914,202354,105527,248540,191674,52,24775,505055,0,21,286614,86535,82720,,,,,,
28/08/2022,Lakshadweep,135047,203,2,61668,59963,13416,64585,57040,6,7106,124404,0,18,67662,30779,19846,,,,,,
28/08/2022,Maharashtra,175761356,1488189,997,91473587,76111647,8176122,88825422,78722676,37072,27971138,142931445,266673,6355,95608095,36554642,27984891,,,,,,
28/08/2022,Meghalaya,2589795,0,0,1439229,1077277,73289,1279504,1236678,324,131881,2406613,0,324,1691095,513108,201120,,,,,,
28/08/2022,Manipur,3172691,13193,23,1628326,1302416,241949,1495997,1434017,728,195670,2881275,2694,178,1733390,685678,410523,,,,,,
28/08/2022,Madhya Pradesh,128455094,241375,256,60621849,58848913,8984332,62105936,57337517,27270,22492672,102069720,22757,4279,71704654,23762599,15790299,,,,,,
28/08/2022,Mizoram,1731217,0,0,890604,736650,103963,813431,813502,320,111910,1539441,0,1233,956021,326581,223799,,,,,,
28/08/2022,Nagaland,1713235,8660,15,920120,737560,55555,900845,756567,268,119164,1543096,7401,77,1084716,319366,153611,,,,,,
28/08/2022,Odisha,75230871,945420,1107,35125423,32602882,7502566,33287489,34424824,15953,12497955,60009833,5954,980,36867186,15207813,11383527,,,,,,
28/08/2022,Punjab,46455018,254681,197,24102639,20815667,1536712,23923139,20988728,6439,7270441,38048032,15350,747,25747550,9988786,7076670,,,,,,
28/08/2022,Puducherry,2053054,133372,52,988375,810125,254554,864609,933518,373,94587,1905278,0,34,985441,432126,318939,,,,,,
28/08/2022,Rajasthan,112844770,1575015,785,56823494,50368870,5652406,55046427,52122830,22959,18358143,90699503,18668,3068,61446927,21307846,17337599,,,,,,
28/08/2022,Sikkim,1305054,0,0,590787,551767,162500,618851,523283,417,74601,1190921,0,374,734472,216483,148463,,,,,,
28/08/2022,Tamil Nadu,122417426,1584542,760,60803630,55874298,5739498,57160030,59494075,23781,20285722,98876848,99329,3166,65473017,27916091,17759453,,,,,,
28/08/2022,Telangana,68815113,3838456,1006,32366144,31256231,5192738,32030567,31578984,12799,11085746,55568088,145116,7729,36935527,13847948,9243817,,,,,,
28/08/2022,Tripura,5714000,80189,152,2910569,2502185,301246,2736713,2675219,819,454061,5069668,0,295,2854965,1466966,826729,,,,,,
28/08/2022,Uttar Pradesh,369199195,31112335,12176,176616386,167432011,25150798,176511706,167403765,132653,70650951,282044284,56189,5282,202731272,63956378,40620594,,,,,,
28/08/2022,Uttarakhand,19470559,256910,146,9096694,8658897,1714968,9103302,8645109,7169,2511442,16235921,4217,562,10586068,3430675,2892955,,,,,,
28/08/2022,West Bengal,153399036,358287,420,73430356,66374807,13593873,68322385,71456450,26202,21236965,127474468,86911,5086,77572571,33885268,22409921,,,,,,
28/08/2022,India,2119094063,56634250,25612,1024351475,941844354,152898234,999290857,961156131,476932,350543937,1690090368,1232464,67421,1124331870,418347226,292732016,,,,,,
29/08/2022,Andaman and Nicobar Islands,936262,13105,34,346746,351362,238154,372044,325946,117,47985,860136,0,13,406998,163709,107653,,,,,,
29/08/2022,Andhra Pradesh,105549136,4750039,2007,44680803,47542797,13325536,44678085,47527308,18151,19082119,83335295,63738,1636,48427204,25162467,16680032,,,,,,
29/08/2022,Arunachal Pradesh,1854457,30444,82,955610,808367,90480,949983,813623,372,125932,1661179,0,300,1147677,359073,143938,,,,,,
29/08/2022,Assam,49669886,1310852,1079,24729272,21951756,2988858,22909067,23765304,6648,7264873,40926499,2398,349,28666328,10380388,5211324,,,,,,
29/08/2022,Bihar,150668319,6050447,2825,72932820,66097690,11637809,68019291,70977831,33344,25695507,117443325,13142,644,79295071,24645238,20171803,,,,,,
29/08/2022,Chandigarh,2262760,19160,36,1183807,981639,97314,1223362,941646,438,138433,2060883,0,181,1377544,433806,250938,,,,,,
29/08/2022,Chhattisgarh,46678307,3688534,2023,21168793,19972340,5537174,20279824,20855576,5725,7230919,37700914,9735,2372,23362251,9578602,5834093,,,,,,
29/08/2022,Dadra and Nagar Haveli and Daman and Diu,668930,12630,15,319616,278011,71303,381066,216375,186,27087,627399,0,48,438289,94950,40237,,,,,,
29/08/2022,Dadra and Nagar Haveli and Daman and Diu,883901,21420,25,461135,352944,69822,553999,259968,111,42136,821911,0,89,618311,116689,35435,,,,,,
29/08/2022,Delhi,36515740,370725,868,18238537,15548157,2729046,19023171,14750469,13029,9000906,26278668,95433,1545,21827316,6402001,3533034,,,,,,
29/08/2022,Goa,2856074,41091,50,1438488,1291658,125928,1513359,1216490,293,165447,2631332,0,634,1600813,608177,440981,,,,,,
29/08/2022,Gujarat,123270537,2249316,3094,54337054,53814293,15119190,58874448,49256713,20053,18467685,101230859,32605,4505,62615642,23918668,17513150,,,,,,
29/08/2022,Haryana,45152052,955554,805,23646136,19754725,1751191,23669255,19721940,9658,8390217,35818787,82953,2039,26835426,8319325,6152420,,,,,,
29/08/2022,Himachal Pradesh,14691525,166929,739,6623711,6280004,1787810,6644958,6255622,3129,820714,13386828,2974,827,7080045,2990260,2446278,,,,,,
29/08/2022,Jammu and Kashmir,24273088,468421,689,11360926,11722370,1189792,12652932,10426090,4271,3153202,19892931,0,310,12929783,4984933,2996467,,,,,,
29/08/2022,Jharkhand,42237135,631286,763,23775853,17249442,1211840,20598089,20417395,9796,8594538,32097167,11146,4065,24815944,7898588,4898334,,,,,,
29/08/2022,Karnataka,118490862,5162907,2729,55103149,55011130,8376583,55782855,54311407,19954,19643774,94396261,114336,4938,62354488,24202153,18244685,,,,,,
29/08/2022,Kerala,57205401,248207,536,29118519,25169264,2917618,25890285,28381381,16083,7258881,48600371,72746,3117,25531230,14165407,13241950,,,,,,
29/08/2022,Ladakh,546489,4820,23,237938,202401,106150,248577,191708,52,24775,505741,0,21,286730,86544,82752,,,,,,
29/08/2022,Lakshadweep,135407,4605,9,61671,59963,13773,64588,57040,6,7106,124764,0,18,67671,30781,19906,,,,,,
29/08/2022,Maharashtra,175846450,5467513,4137,91482606,76131682,8232162,88840773,78736376,37075,27984122,142978579,266673,6362,95617469,36556915,27997410,,,,,,
29/08/2022,Meghalaya,2590832,59595,86,1439414,1077597,73821,1279738,1236949,324,132090,2407119,0,324,1691236,513126,201159,,,,,,
29/08/2022,Manipur,3176526,74670,118,1629473,1303657,243396,1497198,1435204,728,196223,2883049,2694,178,1733767,685746,410799,,,,,,
29/08/2022,Madhya Pradesh,128569266,2292724,2314,60628491,58857380,9083395,62112759,57345790,27283,22509232,102158772,22757,4279,71711447,23763323,15800924,,,,,,
29/08/2022,Mizoram,1732160,21826,21,890694,736834,104632,813562,813645,320,111941,1540204,0,1233,956191,326620,223850,,,,,,
29/08/2022,Nagaland,1713810,32736,47,920192,737702,55916,900947,756679,268,119200,1543565,7401,77,1084869,319408,153670,,,,,,
29/08/2022,Odisha,75421343,1464913,1620,35129665,32616431,7675247,33296128,34433974,15955,12514356,60178700,5954,981,36876822,15210707,11408263,,,,,,
29/08/2022,Punjab,46474268,1331943,1121,24104140,20820800,1549328,23926664,20991836,6440,7273681,38062540,15350,747,25751422,9989595,7079397,,,,,,
29/08/2022,Puducherry,2061731,138694,61,988657,812013,261061,865666,934630,374,94630,1913642,0,34,986703,432659,320053,,,,,,
29/08/2022,Rajasthan,112973424,5776955,5706,56830580,50391244,5751600,55061608,52137100,22968,18374257,90780047,18668,3068,61460013,21310477,17350476,,,,,,
29/08/2022,Sikkim,1305889,7717,15,590804,551806,163279,618875,523315,417,74650,1191697,0,374,734517,216489,148504,,,,,,
29/08/2022,Tamil Nadu,122460192,3071097,1501,60811839,55889492,5758861,57172118,59505386,23785,20293378,98908429,99329,3166,65485276,27920459,17765120,,,,,,
29/08/2022,Telangana,69058439,5155459,1864,32368801,31264309,5425329,32035939,31584346,12800,11118606,55714218,145116,7729,36941643,13849529,9277397,,,,,,
29/08/2022,Tripura,5722893,528780,657,2910935,2503057,308901,2737371,2675799,819,454339,5077947,0,295,2855670,1467181,827574,,,,,,
29/08/2022,Uttar Pradesh,369663550,19662827,6946,176625346,167464947,25573257,176533692,167423641,132687,70704215,282438201,56192,5282,202756487,63961816,40675774,,,,,,
29/08/2022,Uttarakhand,19493615,424342,419,9097233,8660409,1735973,9104386,8646076,7169,2512625,16253507,4217,562,10587077,3430853,2894719,,,,,,
29/08/2022,West Bengal,153577745,1955697,2657,73436232,66388883,13752630,68332290,71466496,26203,21251574,127610441,86911,5086,77582084,33887826,22430523,,,,,,
29/08/2022,India,2121718636,73667980,47721,1024442713,942095719,155180204,999458952,961317074,477031,350901355,1692041907,1232468,67428,1124497454,418384488,293011022,,,,,,
30/08/2022,Andaman and Nicobar Islands,943873,15256,34,346821,351534,245518,372188,326049,117,48095,867637,0,13,407346,163824,108251,,,,,,
30/08/2022,Andhra Pradesh,105797082,4575840,1750,44681583,47543652,13571847,44679014,47528014,18151,19163800,83498965,63738,1636,48429685,25162985,16694644,,,,,,
30/08/2022,Arunachal Pradesh,1855583,23044,51,955700,808705,91178,950185,813849,372,126013,1661923,0,300,1147842,359109,144006,,,,,,
30/08/2022,Assam,49691946,1710767,1410,24731786,21955425,3004735,22911920,23768634,6648,7268086,40941163,2398,349,28667867,10380788,5213240,,,,,,
30/08/2022,Bihar,150759281,4952020,2017,72939710,66126478,11693093,68037489,70995298,33357,25707170,117498759,13142,645,79312150,24648545,20182306,,,,,,
30/08/2022,Chandigarh,2263352,17015,33,1183822,981722,97808,1223423,941683,438,138453,2061438,0,181,1377657,433818,251005,,,,,,
30/08/2022,Chhattisgarh,46697249,2107630,865,21169989,19974648,5552612,20281649,20857251,5729,7233324,37716326,9735,2373,23364381,9579038,5835987,,,,,,
30/08/2022,Dadra and Nagar Haveli and Daman and Diu,669850,12130,15,319626,278031,72193,381086,216385,186,27087,628319,0,48,438320,94952,40247,,,,,,
30/08/2022,Dadra and Nagar Haveli and Daman and Diu,884629,22020,26,461149,352991,70489,554038,259990,111,42136,822639,0,89,618379,116695,35455,,,,,,
30/08/2022,Delhi,36543761,366670,847,18240374,15552779,2750608,19026351,14753746,13031,9005886,26299596,95433,1545,21831694,6402791,3535117,,,,,,
30/08/2022,Goa,2856404,37382,46,1438515,1291703,126186,1513406,1216515,293,165447,2631653,0,634,1600875,608185,441014,,,,,,
30/08/2022,Gujarat,123494514,2091838,2912,54338930,53819059,15336525,58878081,49259720,20055,18483050,101436643,32605,4506,62621607,23920001,17531240,,,,,,
30/08/2022,Haryana,45161386,1001231,559,23646761,19757210,1757415,23671072,19723233,9658,8391969,35824880,82953,2039,26837052,8319565,6153230,,,,,,
30/08/2022,Himachal Pradesh,14714799,177789,706,6624128,6281069,1809602,6645719,6256342,3130,820841,13409412,2974,827,7081409,2990502,2449636,,,,,,
30/08/2022,Jammu and Kashmir,24297351,405413,634,11361010,11726851,1209490,12655438,10428146,4274,3154492,19912117,0,320,12932455,4985431,2999416,,,,,,
30/08/2022,Jharkhand,42258419,567605,659,23777609,17255525,1225285,20602009,20421313,9797,8598734,32103835,11146,4065,24819325,7899311,4900312,,,,,,
30/08/2022,Karnataka,118523086,4970068,2512,55103773,55014501,8404812,55785111,54313146,19954,19648632,94422833,114336,4938,62356190,24202434,18246995,,,,,,
30/08/2022,Kerala,57214679,326221,603,29118801,25170385,2925493,25891016,28382053,16083,7259772,48608706,72746,3117,25532506,14165641,13243569,,,,,,
30/08/2022,Ladakh,547500,6565,30,237951,202449,107100,248612,191734,52,24775,506731,0,21,286860,86559,82799,,,,,,
30/08/2022,Lakshadweep,135711,4640,9,61671,59963,14077,64588,57040,6,7106,125068,0,18,67675,30781,19956,,,,,,
30/08/2022,Maharashtra,175912539,5409717,3761,91489102,76146661,8276776,88852373,78746239,37087,27994443,143013110,266673,6365,95624909,36558822,28007641,,,,,,
30/08/2022,Meghalaya,2591616,67252,83,1439529,1077815,74272,1279913,1237107,324,132234,2407516,0,324,1691381,513143,201188,,,,,,
30/08/2022,Manipur,3179470,62441,104,1630427,1304675,244368,1498302,1436072,728,196655,2884329,2694,178,1734101,685794,410981,,,,,,
30/08/2022,Madhya Pradesh,128631360,1536452,1514,60631103,58863947,9136310,62117168,57350559,27284,22519114,102204642,22757,4279,71714045,23763718,15804541,,,,,,
30/08/2022,Mizoram,1733130,30804,19,890754,736986,105390,813672,813747,320,111985,1540992,0,1233,956316,326640,223961,,,,,,
30/08/2022,Nagaland,1714289,31430,45,920373,737786,56130,901080,756810,269,119268,1543879,7401,77,1084983,319431,153691,,,,,,
30/08/2022,Odisha,75607061,1463017,1585,35133367,32629448,7844246,33304226,34442590,15960,12528226,60345965,5954,981,36886799,15213582,11432552,,,,,,
30/08/2022,Punjab,46495466,1142874,1026,24105600,20826593,1563273,23930541,20995210,6442,7276821,38078982,15350,747,25755789,9990640,7082445,,,,,,
30/08/2022,Puducherry,2070310,141557,59,988906,813922,267482,866746,935708,374,94674,1922128,0,34,988119,433256,321348,,,,,,
30/08/2022,Rajasthan,113091748,4994090,4192,56837513,50411757,5842478,55075580,52150568,22974,18386838,90852006,18668,3068,61471193,21312659,17362524,,,,,,
30/08/2022,Sikkim,1306059,2320,4,590804,551808,163447,618875,523317,417,74650,1191867,0,374,734527,216490,148507,,,,,,
30/08/2022,Tamil Nadu,122509116,2612251,1340,60821519,55906382,5781215,57185606,59518461,23792,20302433,98945366,99329,3183,65499640,27925651,17771186,,,,,,
30/08/2022,Telangana,69286353,5049684,1717,32370807,31272138,5643408,32041096,31589021,12803,11147453,55848666,145116,7729,36947533,13851050,9308315,,,,,,
30/08/2022,Tripura,5735533,537818,699,2911204,2504493,319836,2738208,2676666,820,454667,5089975,0,295,2856617,1467692,828907,,,,,,
30/08/2022,Uttar Pradesh,370201606,19598853,7541,176635109,167505898,26060599,176560261,167447715,132758,70798346,282862906,56195,5282,202781770,63967407,40737383,,,,,,
30/08/2022,Uttarakhand,19516400,421090,396,9097958,8662907,1755535,9105956,8647727,7171,2514473,16270760,4217,562,10588255,3431028,2896496,,,,,,
30/08/2022,West Bengal,153758776,1729933,2593,73440268,66403132,13915376,68341039,71476031,26204,21266665,127762536,86911,5086,77592983,33891256,22450609,,,,,,
30/08/2022,India,2123977117,68222727,42396,1024508571,942304032,157164514,999603037,961453689,477169,351233813,1693744268,1232471,67461,1124640235,418419214,293250700,,,,,,
31/08/2022,Andaman and Nicobar Islands,948384,15367,33,346889,351696,249799,372321,326146,117,48176,871980,0,13,407528,163880,108650,,,,,,
31/08/2022,Andhra Pradesh,105812427,2108442,1141,44681607,47543687,13587133,44679047,47528040,18151,19169016,83508978,63738,1636,48429894,25163051,16695375,,,,,,
31/08/2022,Arunachal Pradesh,1856827,20006,56,955894,808985,91948,950415,814093,372,126118,1662714,0,300,1148043,359149,144095,,,,,,
31/08/2022,Assam,49709015,1699419,1365,24733572,21958779,3016664,22914335,23771359,6648,7270586,40952251,2398,349,28669055,10381090,5214588,,,,,,
31/08/2022,Bihar,150873960,5361383,2384,72949590,66156908,11767462,68058374,71014716,33365,25724006,117563437,13142,645,79331016,24651744,20196172,,,,,,
31/08/2022,Chandigarh,2264049,17315,37,1183843,981825,98381,1223498,941732,438,138501,2062070,0,181,1377803,433831,251057,,,,,,
31/08/2022,Chhattisgarh,46728260,2755996,1200,21170901,19978446,5578913,20284236,20859374,5729,7236347,37743186,9735,2373,23367018,9579511,5839600,,,,,,
31/08/2022,Dadra and Nagar Haveli and Daman and Diu,669850,0,0,319626,278031,72193,381086,216385,186,27087,628319,0,48,438320,94952,40247,,,,,,
31/08/2022,Dadra and Nagar Haveli and Daman and Diu,884770,21900,24,461160,353002,70608,554050,260000,111,42136,822780,0,89,618401,116696,35457,,,,,,
31/08/2022,Delhi,36572259,349398,816,18242352,15557297,2772610,19029437,14757152,13035,9011147,26320785,95433,1545,21836238,6403617,3537081,,,,,,
31/08/2022,Goa,2856406,32401,41,1438515,1291704,126187,1513407,1216515,293,165447,2631655,0,634,1600876,608185,441014,,,,,,
31/08/2022,Gujarat,123517328,1262424,863,54339022,53819852,15358454,58878481,49260205,20055,18485167,101456916,32605,4506,62622526,23920135,17532774,,,,,,
31/08/2022,Haryana,45171630,885051,607,23647346,19759332,1764952,23672542,19724470,9658,8394150,35831669,82953,2039,26838676,8319844,6154149,,,,,,
31/08/2022,Himachal Pradesh,14734723,153345,629,6624522,6282077,1828124,6646426,6257037,3130,821176,13428644,2974,827,7082754,2990710,2452262,,,,,,
31/08/2022,Jammu and Kashmir,24315401,442542,621,11361394,11729544,1224463,12656975,10429685,4275,3155669,19925751,0,320,12934333,4985637,3001482,,,,,,
31/08/2022,Jharkhand,42273869,481505,554,23778824,17260137,1234908,20604932,20424211,9803,8601457,32107532,11146,4065,24821447,7899743,4901590,,,,,,
31/08/2022,Karnataka,118527216,4809398,2152,55103843,55014779,8408594,55785302,54313303,19954,19649142,94426424,114336,4938,62356489,24202479,18247328,,,,,,
31/08/2022,Kerala,57215786,42687,127,29118869,25170558,2926359,25891174,28382136,16083,7259863,48609712,72749,3117,25532738,14165681,13243717,,,,,,
31/08/2022,Ladakh,548062,5542,27,237970,202483,107609,248642,191757,52,24775,507293,0,21,286968,86573,82843,,,,,,
31/08/2022,Lakshadweep,135765,0,0,61671,59963,14131,64588,57040,6,7106,125122,0,18,67676,30781,19962,,,,,,
31/08/2022,Maharashtra,175919952,3512441,1551,91489588,76148454,8281910,88853577,78747314,37087,27995512,143018100,266673,6367,95626220,36559132,28009087,,,,,,
31/08/2022,Meghalaya,2592500,66399,85,1439718,1078088,74694,1280110,1237372,324,132421,2408028,0,324,1691535,513161,201221,,,,,,
31/08/2022,Manipur,3183077,74583,116,1631423,1305828,245826,1499339,1437184,728,197074,2886245,2695,178,1734552,685894,411269,,,,,,
31/08/2022,Madhya Pradesh,128670931,1416302,1145,60637542,58868544,9164845,62122608,57356154,27285,22527170,102227667,22757,4279,71716134,23763950,15807565,,,,,,
31/08/2022,Mizoram,1734495,31902,25,890811,737173,106511,813784,813879,320,112016,1542130,0,1233,956516,326680,224035,,,,,,
31/08/2022,Nagaland,1714682,27020,38,920405,737859,56418,901139,756856,269,119292,1544180,7401,77,1085052,319440,153735,,,,,,
31/08/2022,Odisha,75683184,931421,1069,35134830,32635261,7913093,33307785,34446306,15961,12533283,60414793,5954,981,36891317,15215032,11442865,,,,,,
31/08/2022,Punjab,46513216,1280146,1076,24106792,20831641,1574783,23933974,20998017,6442,7280068,38092055,15350,747,25759555,9991495,7084893,,,,,,
31/08/2022,Puducherry,2072036,128791,53,988940,814257,268839,866941,935882,374,94674,1923854,0,34,988401,433353,321578,,,,,,
31/08/2022,Rajasthan,113192000,4990233,4175,56842419,50428419,5921162,55086842,52160871,22978,18396082,90913343,18668,3068,61479874,21314384,17373070,,,,,,
31/08/2022,Sikkim,1307187,10590,19,590834,551946,164407,618966,523394,417,74695,1192839,0,374,734574,216498,148559,,,,,,
31/08/2022,Tamil Nadu,122524350,1686665,869,60826982,55910239,5787129,57190330,59523057,23792,20307733,98954809,99329,3184,65504042,27927228,17772992,,,,,,
31/08/2022,Telangana,69345798,4757043,1185,32371095,31273484,5701219,32041998,31589753,12803,11155610,55883969,145116,7730,36948785,13851417,9315469,,,,,,
31/08/2022,Tripura,5746668,646951,788,2911500,2505165,330003,2738631,2677211,820,454858,5100822,0,297,2857398,1467925,830190,,,,,,
31/08/2022,Uttar Pradesh,370645246,19427963,7181,176643992,167538880,26462374,176581555,167468229,132815,70878573,283206971,56202,5282,202804271,63972180,40790150,,,,,,
31/08/2022,Uttarakhand,19533470,421608,393,9098425,8664227,1770818,9106923,8648546,7172,2515495,16284766,4217,562,10589009,3431157,2897664,,,,,,
31/08/2022,West Bengal,153945511,1828284,2511,73443078,66416780,14085653,68349181,71484344,26207,21280571,127927578,86911,5086,77603757,33894746,22470923,,,,,,
31/08/2022,India,2125266707,61702463,34956,1024562000,942451584,158253123,999702951,961549725,477255,351412199,1694709367,1232482,67467,1124738791,418440961,293394708,,,,,,
01/09/2022,Andaman and Nicobar Islands,951194,9799,35,346926,351768,252500,372386,326190,117,48196,874760,0,13,407671,163924,108979,,,,,,
01/09/2022,Andhra Pradesh,105954135,4543412,1796,44682171,47544305,13727659,44679691,47528577,18152,19216630,83599654,63738,1636,48431455,25163407,16706848,,,,,,
01/09/2022,Arunachal Pradesh,1857689,23550,53,956004,809263,92422,950606,814290,372,126190,1663322,0,300,1148258,359175,144142,,,,,,
01/09/2022,Assam,49727583,1559265,1383,24735834,21962290,3029459,22916796,23774670,6649,7273208,40964502,2398,349,28670392,10381476,5216000,,,,,,
01/09/2022,Bihar,151488522,8624423,4230,72992556,66317635,12178331,68163115,71113618,33426,25821005,117902803,13142,646,79406796,24665423,20272628,,,,,,
01/09/2022,Chandigarh,2264799,18872,37,1183864,981943,98992,1223592,941777,438,138532,2062782,0,181,1377932,433864,251132,,,,,,
01/09/2022,Chhattisgarh,46773325,4141798,1792,21172801,19985240,5615284,20288777,20863527,5729,7241111,37780651,9735,2373,23371618,9580492,5844107,,,,,,
01/09/2022,Dadra and Nagar Haveli and Daman and Diu,670012,6498,9,319635,278045,72332,381104,216390,186,27087,628481,0,48,438349,94953,40253,,,,,,
01/09/2022,Dadra and Nagar Haveli and Daman and Diu,885120,12000,15,461195,353030,70895,554092,260021,111,42136,823120,0,89,618452,116698,35458,,,,,,
01/09/2022,Delhi,36600329,368015,873,18244039,15561575,2794715,19032502,14760050,13037,9015931,26342484,95433,1545,21840934,6404443,3539296,,,,,,
01/09/2022,Goa,2856406,12910,21,1438515,1291704,126187,1513407,1216515,293,165447,2631655,0,634,1600876,608185,441014,,,,,,
01/09/2022,Gujarat,123709481,2060830,2886,54340888,53825883,15542710,58882806,49263774,20058,18497343,101631665,32605,4506,62627713,23921335,17549305,,,,,,
01/09/2022,Haryana,45184795,806860,680,23648868,19763104,1772823,23675569,19726735,9660,8396867,35839226,82953,2039,26840835,8320237,6155139,,,,,,
01/09/2022,Himachal Pradesh,14754675,160461,673,6624856,6282818,1847001,6646921,6257617,3130,821310,13448260,2974,827,7084018,2990917,2455387,,,,,,
01/09/2022,Jammu and Kashmir,24329502,389664,529,11361698,11731985,1235819,12658389,10431016,4275,3156096,19937282,0,320,12935947,4985934,3003398,,,,,,
01/09/2022,Jharkhand,42297339,556462,650,23781045,17266707,1249587,20609219,20428712,9806,8605882,32113204,11146,4065,24824148,7900390,4903604,,,,,,
01/09/2022,Karnataka,118561203,4058217,2260,55105068,55017368,8438767,55787313,54315104,19957,19653927,94455116,114336,4938,62358632,24202868,18250497,,,,,,
01/09/2022,Kerala,57219936,268010,569,29119128,25171543,2929265,25891845,28382708,16084,7260621,48612691,72752,3117,25533392,14165787,13244223,,,,,,
01/09/2022,Ladakh,548605,4902,24,237975,202506,108124,248663,191764,52,24775,507836,0,21,287049,86582,82877,,,,,,
01/09/2022,Lakshadweep,136013,4601,9,61671,59965,14377,64589,57041,6,7106,125370,0,18,67681,30785,19992,,,,,,
01/09/2022,Maharashtra,175984929,5175663,3885,91494173,76161233,8329523,88862732,78755512,37097,28006082,143056095,266673,6367,95634018,36560959,28019440,,,,,,
01/09/2022,Meghalaya,2593279,66877,82,1440017,1078350,74912,1280387,1237656,324,132693,2408393,0,324,1691736,513171,201239,,,,,,
01/09/2022,Manipur,3186105,64902,99,1632657,1306853,246595,1500405,1438377,728,197588,2887283,2695,178,1734840,685938,411389,,,,,,
01/09/2022,Madhya Pradesh,128736279,1800010,1770,60647441,58877091,9211747,62131999,57365206,27289,22542030,102269415,22757,4279,71721551,23765154,15814242,,,,,,
01/09/2022,Mizoram,1736461,47557,26,890984,737632,107845,814087,814208,320,112110,1543658,0,1233,956757,326712,224125,,,,,,
01/09/2022,Nagaland,1715033,27010,33,920466,737938,56629,901201,756934,269,119350,1544385,7401,77,1085127,319456,153746,,,,,,
01/09/2022,Odisha,75798230,1222762,1138,35136789,32642636,8018805,33312318,34451105,15963,12544952,60515363,5954,981,36897030,15216751,11458403,,,,,,
01/09/2022,Punjab,46531629,1099276,977,24108242,20836431,1586956,23937311,21000919,6443,7283628,38105139,15350,747,25763230,9992229,7087316,,,,,,
01/09/2022,Puducherry,2078074,119390,59,989067,815622,273385,867711,936604,374,94674,1929706,0,34,989467,433750,322360,,,,,,
01/09/2022,Rajasthan,113263720,4144101,3001,56845813,50440524,5977383,55095000,52168207,22983,18403590,90959418,18668,3068,61486333,21315556,17380322,,,,,,
01/09/2022,Sikkim,1309448,13657,30,590898,552007,166543,619036,523449,417,74719,1195012,0,374,734641,216505,148618,,,,,,
01/09/2022,Tamil Nadu,122560560,2390975,1304,60835397,55922034,5803129,57200844,59532746,23799,20315218,98981736,99329,3186,65514530,27931063,17777851,,,,,,
01/09/2022,Telangana,69534200,4727881,1612,32373001,31279746,5881453,32046103,31593814,12805,11180777,55993153,145116,7730,36954765,13853018,9341345,,,,,,
01/09/2022,Tripura,5761365,701061,854,2911817,2506345,343203,2739359,2677979,821,455067,5115001,0,297,2858446,1468337,831557,,,,,,
01/09/2022,Uttar Pradesh,370975138,15706547,5963,176652311,167569345,26753482,176601320,167487177,132888,70939775,283453710,56202,5282,202821822,63976108,40827690,,,,,,
01/09/2022,Uttarakhand,19549424,398428,372,9099164,8665729,1784531,9108035,8649674,7173,2516663,16296819,4217,562,10589898,3431279,2898764,,,,,,
01/09/2022,West Bengal,154106123,1675883,2634,73446104,66428538,14231481,68356558,71491750,26208,21292939,128067501,86911,5086,77612308,33897407,22487622,,,,,,
01/09/2022,India,2127500799,67012529,42363,1024662948,942761896,160075955,999915788,961751413,477439,351751255,1696266651,1232485,67470,1124918647,418480268,293650308,,,,,,
02/09/2022,Andaman and Nicobar Islands,952430,9224,34,346961,351821,253648,372438,326226,117,48196,875955,0,13,407756,163964,109091,,,,,,
02/09/2022,Andhra Pradesh,106239550,4917804,1942,44683153,47545128,14011269,44680653,47529420,18152,19289676,83808546,63738,1636,48435483,25164130,16729433,,,,,,
02/09/2022,Arunachal Pradesh,1858391,11373,42,956084,809409,92898,950707,814415,372,126236,1663834,0,300,1148359,359199,144193,,,,,,
02/09/2022,Assam,49747842,1640571,1375,24738241,21966155,3043446,22919489,23778248,6650,7276059,40977035,2398,349,28671620,10381850,5217608,,,,,,
02/09/2022,Bihar,151634168,5507912,2508,73006502,66353464,12274202,68188955,71137537,33444,25841940,117980046,13143,646,79428374,24668978,20290451,,,,,,
02/09/2022,Chandigarh,2265522,16895,36,1183885,982026,99611,1223657,941816,438,138557,2063471,0,181,1378104,433899,251179,,,,,,
02/09/2022,Chhattisgarh,46819756,3582756,1798,21175014,19993162,5651580,20293836,20868603,5729,7246214,37819288,9735,2373,23377292,9581666,5849311,,,,,,
02/09/2022,Dadra and Nagar Haveli and Daman and Diu,670741,11861,15,319652,278073,73016,381131,216408,186,27087,629210,0,48,438398,94955,40299,,,,,,
02/09/2022,Dadra and Nagar Haveli and Daman and Diu,885665,14220,18,461210,353071,71384,554122,260047,111,42152,823642,0,89,618489,116707,35471,,,,,,
02/09/2022,Delhi,36624364,327779,784,18245395,15565288,2813681,19035131,14762490,13037,9019774,26361219,95433,1545,21844866,6405176,3541034,,,,,,
02/09/2022,Goa,2856778,30470,45,1438540,1291770,126468,1513466,1216547,293,165468,2632006,0,634,1600959,608197,441047,,,,,,
02/09/2022,Gujarat,123893080,2049172,2889,54343297,53830840,15718943,58886764,49267181,20059,18512030,101795069,32605,4506,62632393,23922382,17564599,,,,,,
02/09/2022,Haryana,45195993,1022522,632,23649731,19765287,1780975,23677233,19728116,9661,8399129,35846276,82953,2039,26842380,8320512,6156155,,,,,,
02/09/2022,Himachal Pradesh,14772767,149916,626,6625157,6283527,1864083,6647416,6258132,3130,821453,13466061,2974,827,7085246,2991136,2458200,,,,,,
02/09/2022,Jammu and Kashmir,24345091,420273,532,11362524,11734114,1248453,12659878,10432482,4275,3156383,19950385,0,320,12937741,4986316,3005085,,,,,,
02/09/2022,Jharkhand,42322781,581373,717,23783638,17275292,1263851,20614344,20434762,9809,8611061,32118880,11146,4065,24827519,7901014,4905488,,,,,,
02/09/2022,Karnataka,118617325,4516760,2641,55105830,55022691,8488804,55790531,54317971,19957,19662245,94501351,114336,4938,62361585,24203410,18255811,,,,,,
02/09/2022,Kerala,57223813,218351,389,29119278,25172292,2932243,25892276,28383176,16084,7261087,48615869,72752,3117,25534024,14165893,13244851,,,,,,
02/09/2022,Ladakh,549245,5782,27,237979,202535,108731,248680,191780,52,24775,508476,0,21,287120,86594,82919,,,,,,
02/09/2022,Lakshadweep,136313,4590,9,61671,59967,14675,64589,57043,6,7106,125670,0,18,67686,30787,20033,,,,,,
02/09/2022,Maharashtra,176059259,5346422,4028,91500130,76177036,8382093,88874213,78765787,37101,28017366,143098855,266673,6368,95642587,36563069,28031175,,,,,,
02/09/2022,Meghalaya,2594043,54726,75,1440212,1078611,75220,1280575,1237924,324,132854,2408829,0,324,1691896,513195,201267,,,,,,
02/09/2022,Manipur,3189795,77910,134,1633551,1307841,248403,1501277,1439387,728,198004,2889432,2695,178,1735246,686019,411709,,,,,,
02/09/2022,Madhya Pradesh,128771577,1493735,1564,60651864,58881120,9238593,62136637,57369017,27292,22548732,102292018,22757,4279,71723584,23765406,15816870,,,,,,
02/09/2022,Mizoram,1738617,54620,28,891175,738140,109302,814445,814549,320,112203,1545350,0,1233,957037,326739,224212,,,,,,
02/09/2022,Nagaland,1715464,29564,38,920528,738063,56873,901301,757021,269,119409,1544675,7401,77,1085227,319474,153767,,,,,,
02/09/2022,Odisha,75908457,1367709,1281,35139217,32650865,8118375,33317583,34456495,15965,12558330,60606676,5954,981,36902533,15218328,11471674,,,,,,
02/09/2022,Punjab,46551746,1146963,1091,24109710,20842481,1599555,23941452,21004297,6443,7287740,38118937,15350,747,25767258,9992974,7089751,,,,,,
02/09/2022,Puducherry,2086134,143960,64,989319,817414,279401,868690,937669,374,94740,1937380,0,34,990792,434292,323431,,,,,,
02/09/2022,Rajasthan,113327877,4048811,2858,56849504,50452335,6026038,55103003,52175700,22989,18410397,90998635,18668,3068,61492395,21316667,17386539,,,,,,
02/09/2022,Sikkim,1312670,18234,34,590947,552150,169573,619143,523534,417,74776,1198125,0,374,734771,216532,148753,,,,,,
02/09/2022,Tamil Nadu,122595561,2015192,1186,60842177,55932913,5820471,57209838,59541409,23801,20322347,99008086,99329,3186,65523595,27934640,17782164,,,,,,
02/09/2022,Telangana,69840080,5017785,1890,32374868,31288728,6176484,32051692,31599073,12807,11212977,56179491,145116,7795,36962725,13855131,9381509,,,,,,
02/09/2022,Tripura,5774118,766941,837,2911996,2507300,354822,2739880,2678592,821,455217,5127332,0,297,2859345,1468663,833050,,,,,,
02/09/2022,Uttar Pradesh,371819851,21210232,9457,176670363,167633641,27515847,176642911,167527897,132928,71052240,284131191,56209,5283,202859153,63984272,40928551,,,,,,
02/09/2022,Uttarakhand,19567071,409804,400,9099875,8667077,1800119,9109037,8650730,7174,2517769,16310571,4217,562,10590721,3431390,2900121,,,,,,
02/09/2022,West Bengal,154247388,1708602,2708,73449436,66441486,14356466,68364556,71500027,26213,21305622,128187992,86911,5086,77621763,33900146,22502926,,,,,,
02/09/2022,India,2130084614,69950814,44732,1024745448,942992486,162346680,1000071529,961901508,477528,352097351,1698145864,1232493,67537,1125066022,418513702,293929727,,,,,,
03/09/2022,Andaman and Nicobar Islands,955261,14695,34,347026,351938,256297,372539,326307,117,48305,878603,0,13,407927,164037,109366,,,,,,
03/09/2022,Andhra Pradesh,106413655,4460773,1731,44683589,47545673,14184393,44681138,47529916,18152,19335533,83932154,63738,1636,48437264,25164427,16741967,,,,,,
03/09/2022,Arunachal Pradesh,1859003,11272,33,956169,809522,93312,950805,814515,372,126323,1664257,0,300,1148444,359212,144234,,,,,,
03/09/2022,Assam,49762710,1643709,1256,24739907,21968926,3053877,22921332,23780841,6651,7278393,40986009,2398,349,28672642,10382152,5218792,,,,,,
03/09/2022,Bihar,151845997,6409278,2829,73024438,66415339,12406220,68229992,71176293,33466,25873849,118098089,13143,648,79462038,24675561,20316182,,,,,,
03/09/2022,Chandigarh,2266429,14880,34,1183941,982174,100314,1223773,941904,438,138608,2064284,0,181,1378319,433950,251243,,,,,,
03/09/2022,Chhattisgarh,46897049,4838535,1886,21177393,20004104,5715552,20300644,20875115,5730,7254050,37885713,9735,2373,23386414,9583574,5858520,,,,,,
03/09/2022,Dadra and Nagar Haveli and Daman and Diu,671726,12931,17,319669,278124,73933,381179,216428,186,27098,630172,0,48,438452,94955,40307,,,,,,
03/09/2022,Dadra and Nagar Haveli and Daman and Diu,886095,14280,18,461226,353112,71757,554155,260071,111,42170,824044,0,89,618533,116710,35481,,,,,,
03/09/2022,Delhi,36657303,378474,870,18247538,15570385,2839380,19038779,14766082,13037,9026517,26384922,95433,1545,21849540,6406030,3543440,,,,,,
03/09/2022,Goa,2857098,28470,43,1438557,1291808,126733,1513496,1216572,293,165483,2632311,0,634,1601013,608212,441072,,,,,,
03/09/2022,Gujarat,124037848,1891864,2490,54345368,53834767,15857713,58890083,49269860,20059,18529010,101917481,32605,4506,62636301,23923183,17576663,,,,,,
03/09/2022,Haryana,45205076,921529,568,23650368,19767042,1787666,23678456,19729285,9661,8400873,35852500,82953,2039,26843666,8320696,6156906,,,,,,
03/09/2022,Himachal Pradesh,14793725,155574,645,6625497,6284297,1883931,6647967,6258690,3131,821577,13486656,2974,827,7086579,2991350,2461226,,,,,,
03/09/2022,Jammu and Kashmir,24359215,347230,472,11362867,11735639,1260709,12660876,10433351,4276,3156849,19959955,0,320,12938756,4986558,3006549,,,,,,
03/09/2022,Jharkhand,42348794,560971,662,23785966,17283127,1279701,20619311,20439954,9813,8615746,32125167,11146,4065,24830537,7901649,4907595,,,,,,
03/09/2022,Karnataka,118662275,4111456,2404,55106636,55027691,8527948,55793619,54320686,19960,19669247,94538013,114336,4938,62363549,24203776,18259808,,,,,,
03/09/2022,Kerala,57230434,393708,722,29120278,25175374,2934782,25894268,28385265,16085,7261749,48618666,72752,3117,25534663,14166013,13245341,,,,,,
03/09/2022,Ladakh,550040,6805,29,237990,202565,109485,248701,191800,52,24775,509271,0,21,287250,86605,82962,,,,,,
03/09/2022,Lakshadweep,136608,4601,9,61673,59968,14967,64591,57044,6,7106,125965,0,18,67693,30793,20052,,,,,,
03/09/2022,Maharashtra,176119705,5183883,3705,91503806,76188032,8427867,88882112,78772557,37104,28026840,143131822,266673,6370,95649302,36564676,28040380,,,,,,
03/09/2022,Meghalaya,2594593,26893,29,1440318,1078781,75494,1280733,1238042,324,132982,2409168,0,324,1691998,513207,201287,,,,,,
03/09/2022,Manipur,3191299,36902,54,1633947,1308367,248985,1501630,1439956,728,198189,2890404,2696,178,1735617,686060,411883,,,,,,
03/09/2022,Madhya Pradesh,128838328,1692934,1736,60656046,58886280,9296002,62141309,57373682,27297,22557315,102340186,22757,4279,71726187,23765856,15822177,,,,,,
03/09/2022,Mizoram,1738686,5743,3,891182,738152,109352,814452,814561,320,112207,1545415,0,1233,957053,326741,224218,,,,,,
03/09/2022,Nagaland,1715593,5030,7,920542,738099,56952,901321,757051,269,119410,1544800,7401,77,1085278,319490,153783,,,,,,
03/09/2022,Odisha,76071299,1530018,1534,35142982,32662664,8265653,33325117,34464517,15974,12573712,60744767,5954,981,36911091,15220770,11492978,,,,,,
03/09/2022,Punjab,46569545,948499,884,24111219,20847238,1611088,23944747,21007267,6444,7290873,38132091,15350,747,25770958,9993834,7092101,,,,,,
03/09/2022,Puducherry,2093447,130200,64,989536,819064,284847,869607,938619,374,94755,1944567,0,34,992044,434781,324423,,,,,,
03/09/2022,Rajasthan,113468649,4496370,3607,56857554,50476313,6134782,55119512,52191212,22996,18424838,91078356,18668,3068,61503493,21318594,17400411,,,,,,
03/09/2022,Sikkim,1314513,11194,19,590983,552250,171280,619194,523619,417,74814,1199882,0,374,734857,216552,148817,,,,,,
03/09/2022,Tamil Nadu,122635373,2185420,1182,60850269,55946213,5838891,57220684,59551952,23806,20331638,99037407,99329,3187,65534856,27938879,17787155,,,,,,
03/09/2022,Telangana,70141329,5076815,2010,32376767,31297429,6467133,32056895,31604467,12810,11240120,56353822,145119,7800,36971002,13857212,9422210,,,,,,
03/09/2022,Tripura,5787908,787581,845,2912275,2508317,367316,2740481,2679287,821,455464,5140767,0,297,2860496,1468980,834316,,,,,,
03/09/2022,Uttar Pradesh,372173717,17466965,6705,176677274,167660403,27836040,176660218,167544254,132937,71113566,284401122,56218,5284,202876388,63987769,40969771,,,,,,
03/09/2022,Uttarakhand,19579740,370290,350,9100177,8667870,1811693,9109584,8651274,7178,2518552,16320619,4217,562,10591295,3431487,2901128,,,,,,
03/09/2022,West Bengal,154298505,995614,1386,73450987,66449432,14398086,68369543,71504530,26220,21311811,128228334,86911,5086,77626683,33901730,22508552,,,,,,
03/09/2022,India,2132018918,67171386,40872,1024815045,943206246,163997627,1000222843,962046826,477615,352380347,1699557761,1232506,67548,1125208178,418546061,294153296,,,,,,
04/09/2022,Andaman and Nicobar Islands,954120,11349,28,346972,351836,255312,372455,326235,117,48196,877645,0,13,407826,163990,109317,,,,,,
04/09/2022,Andhra Pradesh,106270662,1667028,725,44683233,47545248,14042181,44680773,47529500,18152,19298122,83830765,63738,1636,48435783,25164183,16731326,,,,,,
04/09/2022,Arunachal Pradesh,1858499,400,2,956099,809437,92963,950734,814431,372,126254,1663908,0,300,1148370,359201,144199,,,,,,
04/09/2022,Assam,49750567,323200,213,24738896,21966775,3044896,22920022,23778989,6651,7276416,40978318,2398,349,28671791,10381891,5217787,,,,,,
04/09/2022,Bihar,151677844,3475986,1261,73012387,66367391,12298066,68199503,71146795,33450,25850160,118003661,13143,649,79436109,24670368,20295839,,,,,,
04/09/2022,Chandigarh,2265896,11200,27,1183917,982098,99881,1223715,941862,438,138593,2063763,0,181,1378161,433903,251210,,,,,,
04/09/2022,Chhattisgarh,46834481,1497355,736,21175808,19996509,5662164,20295912,20870666,5731,7248470,37831071,9735,2373,23380098,9582279,5850746,,,,,,
04/09/2022,Dadra and Nagar Haveli and Daman and Diu,670742,0,0,319652,278073,73017,381131,216408,186,27087,629211,0,48,438398,94955,40299,,,,,,
04/09/2022,Dadra and Nagar Haveli and Daman and Diu,885670,11400,13,461211,353072,71387,554123,260048,111,42152,823647,0,89,618491,116707,35471,,,,,,
04/09/2022,Delhi,36651377,329809,723,18246981,15569340,2835056,19038192,14765064,13040,9025045,26380988,95433,1545,21848509,6405848,3543019,,,,,,
04/09/2022,Goa,2856837,28510,41,1438544,1291783,126510,1513477,1216553,293,165468,2632065,0,634,1600976,608197,441051,,,,,,
04/09/2022,Gujarat,123927758,1103270,642,54343734,53831763,15752261,58887500,49267805,20059,18514475,101826782,32605,4506,62634248,23922763,17567657,,,,,,
04/09/2022,Haryana,45197992,287437,80,23649842,19765794,1782356,23677579,19728388,9661,8399502,35847676,82953,2039,26842699,8320561,6156308,,,,,,
04/09/2022,Himachal Pradesh,14774462,15943,55,6625173,6283616,1865673,6647478,6258175,3130,821455,13467754,2974,827,7085384,2991154,2458449,,,,,,
04/09/2022,Jammu and Kashmir,24350162,111608,162,11362664,11734976,1252522,12660383,10432979,4275,3156432,19953150,0,320,12938168,4986425,3005548,,,,,,
04/09/2022,Jharkhand,42336398,317694,259,23785004,17278981,1272413,20616716,20437444,9810,8614100,32122773,11146,4065,24829488,7901475,4906778,,,,,,
04/09/2022,Karnataka,118625317,2945273,1384,55105991,55023461,8495865,55791031,54318401,19958,19663837,94507598,114336,4938,62362073,24203510,18256685,,,,,,
04/09/2022,Kerala,57223953,4920,23,29119288,25172316,2932349,25892297,28383189,16084,7261106,48615986,72752,3117,25534046,14165899,13244877,,,,,,
04/09/2022,Ladakh,549260,880,2,237981,202536,108743,248681,191782,52,24775,508491,0,21,287124,86595,82924,,,,,,
04/09/2022,Lakshadweep,136463,1020,2,61671,59967,14825,64589,57043,6,7106,125820,0,18,67688,30788,20043,,,,,,
04/09/2022,Maharashtra,176069547,1315580,870,91500744,76178817,8389986,88875504,78766890,37102,28018747,143103942,266673,6371,95643858,36563412,28032735,,,,,,
04/09/2022,Meghalaya,2594098,0,0,1440247,1078622,75229,1280599,1237946,324,132871,2408839,0,324,1691901,513195,201268,,,,,,
04/09/2022,Manipur,3189915,2453,10,1633564,1307878,248473,1501309,1439405,728,198006,2889548,2695,178,1735281,686028,411725,,,,,,
04/09/2022,Madhya Pradesh,128774869,203059,237,60652084,58881331,9241454,62136856,57369228,27293,22549494,102294337,22757,4279,71723787,23765429,15817063,,,,,,
04/09/2022,Mizoram,1738674,0,0,891182,738149,109343,814449,814561,320,112206,1545404,0,1233,957048,326741,224218,,,,,,
04/09/2022,Nagaland,1716051,3190,7,920573,738160,57318,901363,757101,269,119416,1545151,7401,77,1085330,319503,153845,,,,,,
04/09/2022,Odisha,76022256,932693,1010,35141499,32659129,8221628,33322978,34461644,15968,12569744,60698216,5954,981,36908761,15220237,11486946,,,,,,
04/09/2022,Punjab,46554761,218871,139,24109945,20843596,1601220,23942205,21004893,6444,7288268,38121151,15350,747,25768059,9993165,7090153,,,,,,
04/09/2022,Puducherry,2090521,99200,47,989385,818423,282713,869250,938184,374,94740,1941747,0,34,991520,434570,324021,,,,,,
04/09/2022,Rajasthan,113350269,1350292,728,56850593,50456201,6043475,55105525,52178132,22990,18412789,91011429,18668,3068,61494953,21317129,17388813,,,,,,
04/09/2022,Sikkim,1312742,0,0,590949,552153,169640,619143,523539,417,74776,1198197,0,374,734774,216534,148754,,,,,,
04/09/2022,Tamil Nadu,123397847,9179694,2678,60884261,56148936,6364650,57343069,59666214,23876,20420066,99695352,99329,3187,65684596,27994252,17900884,,,,,,
04/09/2022,Telangana,69967196,3515259,1014,32375430,31291861,6299905,32053553,31600907,12807,11224808,56254471,145116,8133,36966126,13856181,9396943,,,,,,
04/09/2022,Tripura,5775168,50559,88,2912005,2507380,355783,2739917,2678644,821,455217,5128380,0,297,2859424,1468686,833139,,,,,,
04/09/2022,Uttar Pradesh,373885584,29771082,12630,176693687,167722551,29469346,176699869,167583123,132988,71207576,286012164,56212,5284,202936636,64002156,41188216,,,,,,
04/09/2022,Uttarakhand,19569597,234862,144,9099978,8667228,1802391,9109157,8650864,7174,2518040,16312647,4217,562,10590820,3431418,2900304,,,,,,
04/09/2022,West Bengal,154262607,343814,380,73449878,66445518,14367211,68366821,71502235,26214,21306812,128201314,86911,5086,77624479,33901029,22504677,,,,,,
04/09/2022,India,2135252010,59364890,26360,1024890109,943547761,166814140,1000297858,962115267,477685,352412327,1701053361,1232496,67883,1125342783,418600357,294363237,,,,,,
05/09/2022,Andaman and Nicobar Islands,959103,5935,32,347045,351983,260075,372580,326330,117,48305,882445,0,13,408044,164080,109839,,,,,,
05/09/2022,Andhra Pradesh,106684241,4940687,1938,44684144,47547138,14452959,44682281,47530792,18153,19396327,84137546,63738,1636,48440509,25164936,16762912,,,,,,
05/09/2022,Arunachal Pradesh,1860212,24928,68,956255,809717,94240,950952,814649,372,126380,1665188,0,300,1148674,359265,144356,,,,,,
05/09/2022,Assam,49777374,1589750,1267,24740899,21970869,3065606,22922686,23782421,6652,7280103,40996764,2398,349,28673884,10382478,5220224,,,,,,
05/09/2022,Bihar,152030575,5826192,2605,73044630,66466715,12519230,68267612,71210231,33478,25898609,118201007,13143,649,79490602,24680754,20340014,,,,,,
05/09/2022,Chandigarh,2267330,13750,28,1184002,982317,101011,1223885,941996,438,138667,2065067,0,181,1378506,433975,251304,,,,,,
05/09/2022,Chhattisgarh,46966190,4147498,2263,21180222,20015432,5770536,20307737,20882177,5733,7261948,37943270,9735,2373,23395425,9585680,5865813,,,,,,
05/09/2022,Dadra and Nagar Haveli and Daman and Diu,672662,14216,15,319683,278165,74814,381208,216454,186,27098,631108,0,48,438508,94957,40319,,,,,,
05/09/2022,Dadra and Nagar Haveli and Daman and Diu,886547,14600,16,461239,353142,72166,554181,260088,111,42170,824496,0,89,618572,116714,35512,,,,,,
05/09/2022,Delhi,36707807,350905,842,18250331,15578083,2879393,19044206,14771139,13044,9035533,26423291,95433,1545,21857369,6407418,3547030,,,,,,
05/09/2022,Goa,2857590,30747,46,1438591,1291901,127098,1513578,1216617,293,165491,2632772,0,634,1601108,608228,441117,,,,,,
05/09/2022,Gujarat,124209990,1876845,2654,54347383,53839365,16023242,58893479,49273072,20064,18543935,102069476,32605,4506,62643450,23924685,17591995,,,,,,
05/09/2022,Haryana,45219208,1094912,692,23651595,19770214,1797399,23680829,19731308,9664,8403863,35861218,82953,2039,26845707,8321088,6158157,,,,,,
05/09/2022,Himachal Pradesh,14810399,130081,511,6625710,6285103,1899586,6648502,6259174,3131,821758,13503064,2974,827,7087770,2991515,2463789,,,,,,
05/09/2022,Jammu and Kashmir,24374798,376864,424,11362957,11738571,1273270,12662297,10434951,4277,3157832,19966715,0,320,12939926,4986722,3008051,,,,,,
05/09/2022,Jharkhand,42378652,578341,734,23788026,17291961,1298665,20624689,20445467,9816,8620089,32132786,11146,4065,24834287,7902551,4910324,,,,,,
05/09/2022,Karnataka,118714669,4145741,2482,55107576,55031789,8575304,55796302,54323039,19962,19677073,94581389,114336,4938,62366343,24204307,18265884,,,,,,
05/09/2022,Kerala,57235430,245604,503,29120761,25177004,2937665,25895350,28386296,16085,7262094,48622261,72754,3117,25535533,14166157,13245901,,,,,,
05/09/2022,Ladakh,550578,4925,23,238003,202585,109990,248717,191817,52,24775,509809,0,21,287327,86619,82997,,,,,,
05/09/2022,Lakshadweep,136989,4671,9,61674,59969,15346,64592,57045,6,7107,126345,0,18,67696,30795,20097,,,,,,
05/09/2022,Maharashtra,176174064,4645729,3550,91506364,76197299,8470401,88888505,78777988,37105,28035398,143161071,266673,6372,95655814,36566330,28048951,,,,,,
05/09/2022,Meghalaya,2595153,43347,60,1440375,1078872,75906,1280787,1238136,324,133046,2409607,0,324,1692093,513217,201315,,,,,,
05/09/2022,Manipur,3193121,56431,105,1634178,1308805,250138,1501967,1440288,728,198359,2891912,2696,178,1735994,686138,412098,,,,,,
05/09/2022,Madhya Pradesh,128896406,1890021,1891,60659639,58893215,9343552,62146533,57378984,27301,22565276,102383160,22757,4279,71729091,23766439,15827960,,,,,,
05/09/2022,Mizoram,1740676,40120,29,891238,738269,111169,814550,814636,320,112225,1547335,0,1233,957252,326782,224348,,,,,,
05/09/2022,Nagaland,1716504,28475,36,920615,738276,57613,901446,757176,269,119439,1545519,7401,77,1085474,319527,153878,,,,,,
05/09/2022,Odisha,76343705,1519477,1481,35148060,32680971,8514674,33336858,34476158,15977,12596759,60964028,5954,981,36925135,15225285,11528235,,,,,,
05/09/2022,Punjab,46586060,1011917,924,24112793,20851587,1621680,23948123,21009811,6447,7294267,38143571,15350,747,25774221,9994577,7094216,,,,,,
05/09/2022,Puducherry,2104601,130599,62,989789,821746,293066,871138,940023,374,94789,1955541,0,34,993973,435548,325951,,,,,,
05/09/2022,Rajasthan,113492977,1635977,762,56858552,50479732,6154693,55121811,52193328,22998,18427363,91091361,18668,3068,61506086,21319106,17402703,,,,,,
05/09/2022,Sikkim,1316851,15731,28,591009,552364,173478,619259,523694,417,74917,1202090,0,374,734960,216569,148933,,,,,,
05/09/2022,Tamil Nadu,123519092,1590251,805,60896888,56187837,6434367,57370189,59690614,23887,20437588,99793648,99329,3189,65714501,28004031,17917130,,,,,,
05/09/2022,Telangana,70522879,5042306,1865,32379126,31306642,6837111,32062842,31610089,12813,11273650,56585982,145120,8135,36980641,13859951,9469996,,,,,,
05/09/2022,Tripura,5791691,465666,437,2912401,2508558,370732,2740656,2679479,821,455534,5144406,0,297,2860856,1469112,834730,,,,,,
05/09/2022,Uttar Pradesh,374601696,17206417,6676,176707771,167771753,30122172,176732197,167614030,133040,71308847,286590406,56225,5284,202970940,64009522,41273433,,,,,,
05/09/2022,Uttarakhand,19596174,393704,416,9100531,8668977,1826666,9110319,8652000,7178,2519510,16333581,4217,562,10592048,3431632,2902447,,,,,,
05/09/2022,West Bengal,154420522,1439030,2242,73453141,66460402,14506979,68376036,71511161,26221,21323599,128330151,86911,5086,77635704,33904295,22522479,,,,,,
05/09/2022,India,2137244784,62572390,38521,1024947346,943732152,168565286,1000558879,962362658,477854,352909723,1703849386,1232516,67888,1125604023,418660985,294794438,,,,,,