S No,State_Code,State,District_Key,Cowin Key,District,20/08/2022,20/08/2022,20/08/2022,20/08/2022,20/08/2022,20/08/2022,20/08/2022,20/08/2022,20/08/2022,20/08/2022,20/08/2022
,,,,,,Total Doses Administered,Sessions,Sites,First Dose Administered,Second Dose Administered,Precautionary Dose Administered,Male(Doses Administered),Female(Doses Administered),Transgender(Doses Administered),Covaxin (Doses Administered),Covishield (Doses Administered)
1,AN,Andaman and Nicobar Islands,AN_Nicobars,Nicobar,Nicobars,80276,574,4,29408,30661,20207,32466,27598,5,3450,73901
2,AN,Andaman and Nicobar Islands,AN_North and Middle Andaman,North and Middle Andaman,North and Middle Andaman,238176,6625,10,90223,86626,61327,91724,85096,29,11199,219638
3,AN,Andaman and Nicobar Islands,AN_South Andaman,South Andaman,South Andaman,574030,12882,20,226554,232755,114721,246747,212478,83,33163,523268
4,AP,Andhra Pradesh,AP_Anantapur,Anantapur,Anantapur,8555304,785000,120,3636583,3998746,919975,3669369,3962171,3786,1414859,6874442
5,AP,Andhra Pradesh,AP_Chittoor,Chittoor,Chittoor,9005211,541960,147,3836445,4152437,1016329,3880122,4107416,1340,1574472,7160492
6,AP,Andhra Pradesh,AP_East Godavari,East Godavari,East Godavari,10613805,590511,147,4677348,4825466,1110991,4620276,4880717,1802,1791460,8534683
7,AP,Andhra Pradesh,AP_Guntur,Guntur,Guntur,10294861,34163,45,4486704,4773579,1034578,4445373,4813397,1506,1940795,8079968
8,AP,Andhra Pradesh,AP_Krishna,Krishna,Krishna,9538830,116923,262,4089323,4447416,1002091,4163187,4371879,1672,2082506,7204306
9,AP,Andhra Pradesh,AP_Kurnool,Kurnool,Kurnool,8055863,154229,104,3482389,3694178,879296,3482889,3692532,1141,1399291,6365083
10,AP,Andhra Pradesh,AP_Prakasam,Prakasam,Prakasam,7449545,361213,158,3074892,3465822,908831,3172670,3366982,1062,1461043,5762985
11,AP,Andhra Pradesh,AP_S.P.S. Nellore,Sri Potti Sriramulu Nellore,S.P.S. Nellore,6350682,633874,92,2691156,2962179,697347,2742398,2909869,1065,1080442,5091320
12,AP,Andhra Pradesh,AP_Srikakulam,Srikakulam,Srikakulam,5435570,146048,121,2441099,2444502,549969,2313912,2570984,701,890993,4370294
13,AP,Andhra Pradesh,AP_Visakhapatnam,Visakhapatnam,Visakhapatnam,9144759,78068,91,3914234,4086438,1144087,3979730,4019654,1286,1747162,7116055
14,AP,Andhra Pradesh,AP_Vizianagaram,Vizianagaram,Vizianagaram,4952798,87035,105,2132374,2235383,585041,2094286,2272750,722,818392,3969684
15,AP,Andhra Pradesh,AP_West Godavari,West Godavari,West Godavari,8280894,143465,242,3598878,3719844,962172,3546554,3771135,1030,1596729,6454738
16,AP,Andhra Pradesh,AP_Y.S.R. Kadapa,YSR District Kadapa (Cuddapah),Y.S.R. Kadapa,6024236,180800,137,2612160,2732281,679795,2560857,2782541,1037,1038178,4803191
17,AR,Arunachal Pradesh,AR_Anjaw,Anjaw,Anjaw,27868,740,3,14212,11793,1863,14340,11662,3,1680,24985
18,AR,Arunachal Pradesh,AR_Changlang,Changlang,Changlang,209315,0,0,111545,92688,5082,109802,94409,22,15652,187625
19,AR,Arunachal Pradesh,AR_Upper Dibang Valley,Dibang Valley,Upper Dibang Valley,8465,0,0,4695,3331,439,5054,2971,1,313,8043
20,AR,Arunachal Pradesh,AR_East Kameng,East Kameng,East Kameng,60572,670,2,29119,26576,4877,28835,26848,12,4815,52093
21,AR,Arunachal Pradesh,AR_East Siang,East Siang,East Siang,130870,1341,3,68528,58926,3416,65219,62212,23,10283,114518
22,AR,Arunachal Pradesh,AR_Papum Pare,Itanagar Capital Complex,Papum Pare,261975,1750,4,134850,116975,10150,140299,111500,26,15444,242048
23,AR,Arunachal Pradesh,AR_Kamle,Kamle,Kamle,16460,1100,2,9058,6469,933,8639,6888,0,964,14664
24,AR,Arunachal Pradesh,AR_Kra Daadi,Kra Daadi,Kra Daadi,12536,0,0,7336,4825,375,6383,5778,0,472,11591
25,AR,Arunachal Pradesh,AR_Kurung Kumey,Kurung Kumey,Kurung Kumey,21981,350,1,12515,8980,486,10295,11094,106,1272,19590
26,AR,Arunachal Pradesh,AR_Lepa Rada,Lepa Rada,Lepa Rada,30143,500,1,15483,12983,1677,16087,12375,4,1797,27295
27,AR,Arunachal Pradesh,AR_Lohit,Lohit,Lohit,80049,400,2,40105,36218,3726,40678,35624,21,6149,70834
28,AR,Arunachal Pradesh,AR_Longding,Longding,Longding,45035,180,1,27422,16179,1434,25186,18412,3,3545,40201
29,AR,Arunachal Pradesh,AR_Lower Dibang Valley,Lower Dibang Valley,Lower Dibang Valley,75471,500,1,40419,32554,2498,39135,33832,7,5719,66781
30,AR,Arunachal Pradesh,AR_Lower Siang,Lower Siang,Lower Siang,35694,0,0,19567,13621,2506,17662,15525,1,2328,32483
31,AR,Arunachal Pradesh,AR_Lower Subansiri,Lower Subansiri,Lower Subansiri,63948,200,1,33124,27906,2918,33512,27513,5,4098,57720
32,AR,Arunachal Pradesh,AR_Namsai,Namsai,Namsai,153000,520,5,77891,71081,4028,78912,70051,9,10502,137338
33,AR,Arunachal Pradesh,AR_Pakke Kessang,Pakke Kessang,Pakke Kessang,19802,1100,2,10112,8507,1183,9432,9179,8,1166,17396
34,AR,Arunachal Pradesh,AR_Papum Pare,Papum Pare,Papum Pare,80180,1050,3,40697,35000,4483,42819,32868,10,5051,72652
35,AR,Arunachal Pradesh,AR_Shi Yomi,Shi Yomi,Shi Yomi,17776,900,3,8119,7100,2557,7775,7444,0,889,16002
36,AR,Arunachal Pradesh,AR_Siang,Siang,Siang,30513,0,0,17096,12859,558,15661,14285,9,2136,27243
37,AR,Arunachal Pradesh,AR_Tawang,Tawang,Tawang,68208,0,0,33956,30728,3524,34720,29941,23,3832,61726
38,AR,Arunachal Pradesh,AR_Tirap,Tirap,Tirap,72270,680,1,37298,31352,3620,37400,31231,19,4699,65742
39,AR,Arunachal Pradesh,AR_Upper Siang,Upper Siang,Upper Siang,45361,900,2,23344,19535,2482,22898,19978,3,3064,40889
40,AR,Arunachal Pradesh,AR_Upper Subansiri,Upper Subansiri,Upper Subansiri,55894,100,1,29688,24829,1377,28302,26208,7,3382,51133
41,AR,Arunachal Pradesh,AR_West Kameng,West Kameng,West Kameng,132892,260,3,66001,56791,10100,66801,55952,39,8714,118509
42,AR,Arunachal Pradesh,AR_West Siang,West Siang,West Siang,82764,1860,2,41180,36128,5456,40873,36424,11,6260,73345
43,AS,Assam,AS_Baksa,Baksa,Baksa,1352473,80433,37,698173,618642,35658,638828,677751,236,151312,1153856
44,AS,Assam,AS_Barpeta,Barpeta,Barpeta,2679789,157310,75,1322710,1239665,117414,1247880,1314166,328,1200479,1394631
45,AS,Assam,AS_Biswanath,Biswanath,Biswanath,1123289,7100,8,578017,492063,53209,514990,554959,131,103072,969921
46,AS,Assam,AS_Bongaigaon,Bongaigaon,Bongaigaon,1233085,35223,92,601069,540648,91368,556519,585016,180,130979,1053914
47,AS,Assam,AS_Cachar,Cachar,Cachar,2762481,41309,33,1318952,1296995,146534,1278709,1336868,369,340640,2366972
48,AS,Assam,AS_Charaideo,Charaideo,Charaideo,704519,4741,10,376719,304964,22836,332162,349448,72,55394,621333
49,AS,Assam,AS_Chirang,Chirang,Chirang,679351,10675,31,356288,285365,37698,320186,321391,76,67907,592484
50,AS,Assam,AS_Darrang,Darrang,Darrang,1414154,238385,81,713250,599219,101685,637230,675067,172,117642,1264463
51,AS,Assam,AS_Dhemaji,Dhemaji,Dhemaji,1088469,8628,27,545019,488271,55179,501919,531212,159,132937,900987
52,AS,Assam,AS_Dhubri,Dhubri,Dhubri,2282531,47215,115,1152804,1029826,99901,1076041,1106326,262,130804,2098229
53,AS,Assam,AS_Dibrugarh,Dibrugarh,Dibrugarh,2265008,105560,48,1109057,1003143,152808,1036748,1075186,265,212262,1978357
54,AS,Assam,AS_Dima Hasao,Dima Hasao,Dima Hasao,295942,12990,18,156758,122620,16564,148808,130504,66,77444,208091
55,AS,Assam,AS_Goalpara,Goalpara,Goalpara,1577098,113239,79,799105,693987,84006,725572,767298,222,119393,1418325
56,AS,Assam,AS_Golaghat,Golaghat,Golaghat,1751785,38314,45,882212,812036,57537,836704,857245,299,233378,1456324
57,AS,Assam,AS_Hailakandi,Hailakandi,Hailakandi,1026441,10500,19,501832,437218,87391,469487,469366,197,101726,901793
58,AS,Assam,AS_Hojai,Hojai,Hojai,1457640,41010,34,736668,644159,76813,657017,723600,210,306087,1101984
59,AS,Assam,AS_Jorhat,Jorhat,Jorhat,1602235,12688,34,794755,694090,113390,731246,757379,219,181713,1373981
60,AS,Assam,AS_Kamrup Metropolitan,Kamrup Metropolitan,Kamrup Metropolitan,3113559,74168,49,1450908,1367375,295276,1556254,1261494,536,527156,2524955
61,AS,Assam,AS_Kamrup,Kamrup Rural,Kamrup,2665014,18483,62,1336649,1179405,148960,1243443,1272277,334,400407,2184580
62,AS,Assam,AS_Karbi Anglong,Karbi-Anglong,Karbi Anglong,923014,65495,55,456641,422601,43772,441323,437810,108,414173,487516
63,AS,Assam,AS_Karimganj,Karimganj,Karimganj,1772355,133472,27,831116,763311,177928,748812,845434,181,151396,1575128
64,AS,Assam,AS_Kokrajhar,Kokrajhar,Kokrajhar,1198326,32639,57,634491,489683,74152,554222,569827,125,119864,1059232
65,AS,Assam,AS_Lakhimpur,Lakhimpur,Lakhimpur,1759453,101208,38,841816,832531,85106,817911,856200,235,245803,1451550
66,AS,Assam,AS_Majuli,Majuli,Majuli,330167,16235,36,147947,143609,38611,146989,144539,29,42242,272688
67,AS,Assam,AS_Morigaon,Morigaon,Morigaon,1471154,112758,32,746494,657971,66689,666522,737792,151,142478,1275234
68,AS,Assam,AS_Nagaon,Nagaon,Nagaon,2847076,145337,56,1436219,1219267,191590,1237720,1417387,378,239411,2522038
69,AS,Assam,AS_Nalbari,Nalbari,Nalbari,1149987,72684,48,580453,495795,73739,522887,553231,130,108346,1014731
70,AS,Assam,AS_Sivasagar,Sivasagar,Sivasagar,1112038,18100,29,566958,488270,56810,521788,533276,164,109519,958193
71,AS,Assam,AS_Sonitpur,Sonitpur,Sonitpur,1847581,60693,113,917180,826153,104248,834849,908202,282,686728,1113080
72,AS,Assam,AS_South Salmara Mankachar,South Salmara Mankachar,South Salmara Mankachar,553818,27010,36,291758,249520,12540,269838,271378,62,91537,453291
73,AS,Assam,AS_Tinsukia,Tinsukia,Tinsukia,2001386,25420,19,1001923,900126,99337,929865,971870,314,165510,1771079
74,AS,Assam,AS_Udalguri,Udalguri,Udalguri,1126851,10839,20,627726,472138,26987,529332,570421,111,89849,1015307
75,AS,Assam,AS_West Karbi Anglong,West Karbi Anglong,West Karbi Anglong,312381,51200,16,192581,104036,15764,149881,146701,35,37775,271104
76,BR,Bihar,BR_Araria,Araria,Araria,3545539,35750,29,1836911,1547613,161015,1715459,1667807,1258,272526,3149964
77,BR,Bihar,BR_Arwal,Arwal,Arwal,922451,19280,11,462089,405885,54477,414195,453607,173,86645,794812
78,BR,Bihar,BR_Aurangabad,Aurangabad,Aurangabad,3568079,188200,37,1811484,1538513,218082,1712832,1636066,1099,356345,3070341
79,BR,Bihar,BR_Banka,Banka,Banka,2932844,27778,20,1370771,1319731,242342,1328607,1361294,600,810018,1983697
80,BR,Bihar,BR_Begusarai,Begusarai,Begusarai,4117280,147022,80,1985492,1821082,310706,1807578,1998210,782,371507,3566974
81,BR,Bihar,BR_Bhagalpur,Bhagalpur,Bhagalpur,4057884,95020,91,2041690,1761376,254818,1902276,1900137,651,591464,3323441
82,BR,Bihar,BR_Bhojpur,Bhojpur,Bhojpur,3380166,109850,52,1776057,1412829,191280,1569012,1619172,701,308324,2959834
83,BR,Bihar,BR_Buxar,Buxar,Buxar,2456258,36849,68,1194007,1092817,169434,1120645,1165736,444,386338,1969834
84,BR,Bihar,BR_Darbhanga,Darbhanga,Darbhanga,6414063,368720,85,2931252,2870234,612577,2761999,3038117,1366,1702113,4294489
85,BR,Bihar,BR_East Champaran,East Champaran,East Champaran,8127309,338092,189,3793079,3674666,659564,3670545,3795540,1660,2448043,5010811
86,BR,Bihar,BR_Gaya,Gaya,Gaya,6585806,233597,96,3126685,3029826,429295,3078115,3076715,1675,1190285,5172586
87,BR,Bihar,BR_Gopalganj,Gopalganj,Gopalganj,3501340,48711,23,1739684,1565100,196556,1541533,1762439,812,386859,2976257
88,BR,Bihar,BR_Jamui,Jamui,Jamui,2376412,40800,60,1167034,1075117,134261,1082673,1159115,362,237123,2011340
89,BR,Bihar,BR_Jehanabad,Jehanabad,Jehanabad,1474988,60861,10,742093,629646,103249,669205,702180,355,145920,1257152
90,BR,Bihar,BR_Kaimur,Kaimur,Kaimur,2350265,53350,33,1093912,1066702,189651,1076246,1083728,640,211638,2032075
91,BR,Bihar,BR_Katihar,Katihar,Katihar,4343883,50445,56,2103730,1935593,304560,1995552,2042884,886,348948,3817789
92,BR,Bihar,BR_Khagaria,Khagaria,Khagaria,2132004,16700,24,1048453,942958,140593,940750,1050094,565,171542,1875854
93,BR,Bihar,BR_Kishanganj,Kishanganj,Kishanganj,2588545,128921,90,1257497,1147533,183515,1172979,1231607,444,357807,2035589
94,BR,Bihar,BR_Lakhisarai,Lakhisarai,Lakhisarai,1330559,38800,43,651612,584621,94326,593849,642196,187,107768,1165223
95,BR,Bihar,BR_Madhepura,Madhepura,Madhepura,2608821,73591,58,1337583,1117556,153682,1168908,1285722,508,201153,2298853
96,BR,Bihar,BR_Madhubani,Madhubani,Madhubani,5464979,459000,34,2837597,2289028,338354,2265408,2860005,1209,1034571,4221436
97,BR,Bihar,BR_Munger,Munger,Munger,2118360,92522,110,1002510,939757,176093,980194,961717,354,179561,1852190
98,BR,Bihar,BR_Muzaffarpur,Muzaffarpur,Muzaffarpur,6232923,173661,299,3230742,2669477,332704,2786353,3112646,1220,691551,5258108
99,BR,Bihar,BR_Nalanda,Nalanda,Nalanda,4695642,92770,58,2165422,2083429,446791,2164616,2083180,1055,736461,3744223
100,BR,Bihar,BR_Nawada,Nawada,Nawada,3106948,94390,36,1567116,1392313,147519,1412536,1546310,583,355934,2617108
101,BR,Bihar,BR_Patna,Patna,Patna,9223285,1137196,84,4434950,3923234,865101,4401482,3954835,1867,5003436,3928999
102,BR,Bihar,BR_Purnia,Purnia,Purnia,5019890,197710,154,2445809,2291423,282658,2535183,2200681,1362,1129114,3676193
103,BR,Bihar,BR_Rohtas,Rohtas,Rohtas,4064202,112016,169,2035548,1787464,241190,1888808,1933135,1067,418243,3437773
104,BR,Bihar,BR_Saharsa,Saharsa,Saharsa,2888063,72160,69,1367419,1300636,220008,1309738,1357849,467,191473,2567183
105,BR,Bihar,BR_Samastipur,Samastipur,Samastipur,5617377,174610,85,2885307,2379549,352521,2431860,2831882,1114,582040,4731958
106,BR,Bihar,BR_Saran,Saran,Saran,6015284,670205,152,2992065,2583350,439869,2662784,2911114,1516,1538303,4161610
107,BR,Bihar,BR_Sheikhpura,Sheikhpura,Sheikhpura,930862,12760,45,431725,404076,95061,405508,430145,148,81359,793657
108,BR,Bihar,BR_Sheohar,Sheohar,Sheohar,913232,4850,5,439345,407147,66740,400169,446166,157,91626,762488
109,BR,Bihar,BR_Sitamarhi,Sitamarhi,Sitamarhi,4207843,126900,95,2070266,1850643,286934,1807831,2112379,697,371440,3646515
110,BR,Bihar,BR_Siwan,Siwan,Siwan,5972669,95886,61,2810039,2700146,462484,2731847,2776329,2006,942843,4725359
111,BR,Bihar,BR_Supaul,Supaul,Supaul,3335486,113059,35,1627730,1498797,208959,1509660,1616148,718,394434,2777044
112,BR,Bihar,BR_Vaishali,Vaishali,Vaishali,4909711,56234,71,2403333,2167891,338487,2209759,2360036,1429,525227,4158920
113,BR,Bihar,BR_West Champaran,West Champaran,West Champaran,5114431,306050,201,2535089,2286868,292474,2397452,2423505,999,408261,4505142
114,CH,Chandigarh,CH_Chandigarh,Chandigarh,Chandigarh,2254663,25440,43,1183143,979850,91670,1222025,940530,438,137696,2054717
115,CT,Chhattisgarh,CT_Balod,Balod,Balod,1478172,529597,147,685615,590124,202433,608140,667394,205,208375,1216957
116,CT,Chhattisgarh,CT_Baloda Bazar,Baloda bazar,Baloda Bazar,1955492,316020,162,998512,837745,119235,888800,947272,185,326965,1536074
117,CT,Chhattisgarh,CT_Balrampur,Balrampur,Balrampur,1489545,72200,34,664926,658226,166393,670232,652767,152,135039,1305003
118,CT,Chhattisgarh,CT_Bastar,Bastar,Bastar,1565732,74087,52,644555,691528,229649,645715,690123,245,206057,1311937
119,CT,Chhattisgarh,CT_Bametara,Bemetara,Bametara,1328428,168807,187,655132,550575,122721,577700,627842,163,162138,1094826
120,CT,Chhattisgarh,CT_Bijapur,Bijapur,Bijapur,265768,29946,72,147141,100879,17748,131797,116175,48,33316,224104
121,CT,Chhattisgarh,CT_Bilaspur,Bilaspur,Bilaspur,3009797,402300,307,1393173,1377604,239020,1374824,1395539,414,445957,2450557
122,CT,Chhattisgarh,CT_Dakshin Bastar Dantewada,Dantewada,Dakshin Bastar Dantewada,496539,11570,38,220137,238372,38030,223550,234871,88,85406,392583
123,CT,Chhattisgarh,CT_Dhamtari,Dhamtari,Dhamtari,1439070,136909,102,661468,628038,149564,614576,674760,169,209415,1176468
124,CT,Chhattisgarh,CT_Durg,Durg,Durg,2996424,665230,57,1386920,1324154,285350,1322965,1387720,388,584323,2302030
125,CT,Chhattisgarh,CT_Gariaband,Gariaband,Gariaband,940792,99574,81,474864,389987,75941,415736,449008,108,119993,778302
126,CT,Chhattisgarh,CT_Gaurela Pendra Marwahi,Gaurela Pendra Marwahi,Gaurela Pendra Marwahi,443587,27400,11,248756,175982,18849,202909,221776,53,64233,360252
127,CT,Chhattisgarh,CT_Janjgir Champa,Janjgir-Champa,Janjgir Champa,2392725,276561,125,1249123,987287,156315,1095636,1140513,261,294691,2016914
128,CT,Chhattisgarh,CT_Jashpur,Jashpur,Jashpur,1683212,755740,307,675377,697570,310265,670811,701955,181,216874,1414535
129,CT,Chhattisgarh,CT_Uttar Bastar Kanker,Kanker,Uttar Bastar Kanker,1639444,973960,244,600647,614090,424707,600907,613667,163,230138,1355354
130,CT,Chhattisgarh,CT_Kabeerdham,Kawardha,Kabeerdham,1301038,47610,22,644109,561393,95536,592032,613222,247,208800,1045880
131,CT,Chhattisgarh,CT_Kondagaon,Kondagaon,Kondagaon,1113780,558960,228,480984,477912,154884,465068,493692,136,118335,940773
132,CT,Chhattisgarh,CT_Korba,Korba,Korba,1977817,103783,106,979547,854628,143642,913441,920495,239,214071,1691607
133,CT,Chhattisgarh,CT_Koriya,Koriya,Koriya,1149582,201059,74,502857,508557,138168,504083,507204,126,176688,940702
134,CT,Chhattisgarh,CT_Mahasamund,Mahasamund,Mahasamund,2236918,253618,253,916079,1010850,309989,941460,985222,247,197182,1961710
135,CT,Chhattisgarh,CT_Mungeli,Mungeli,Mungeli,1027118,25719,69,528012,413242,85864,453716,487462,76,107751,871001
136,CT,Chhattisgarh,CT_Narayanpur,Narayanpur,Narayanpur,206913,9600,4,100837,91945,14131,97258,95514,10,39334,158025
137,CT,Chhattisgarh,CT_Raigarh,Raigarh,Raigarh,2963444,224064,28,1234289,1425797,303358,1342583,1317121,380,468655,2405950
138,CT,Chhattisgarh,CT_Raipur,Raipur,Raipur,4342503,77573,139,2103094,1887871,351538,2038638,1951736,590,1155723,3003086
139,CT,Chhattisgarh,CT_Rajnandgaon,Rajnandgaon,Rajnandgaon,2773624,143847,171,1328310,1202355,242959,1219315,1311004,346,672063,1998669
140,CT,Chhattisgarh,CT_Sukma,Sukma,Sukma,364581,6030,16,173032,153570,37979,171690,154869,43,28376,321446
141,CT,Chhattisgarh,CT_Surajpur,Surajpur,Surajpur,1418207,229628,44,623183,614870,180154,617270,620597,186,223821,1146902
142,CT,Chhattisgarh,CT_Surguja,Surguja,Surguja,1893032,226360,121,813998,779326,299708,797398,795682,245,210598,1622161
143,DN,Dadra and Nagar Haveli and Daman and Diu,DN_Dadra and Nagar Haveli,Dadra and Nagar Haveli,Dadra and Nagar Haveli,878247,23500,26,460842,352431,64974,553557,259604,111,42094,816614
144,DN,Dadra and Nagar Haveli and Daman and Diu,DN_Daman,Daman,Daman,562413,10060,11,274400,234571,53442,335738,173080,153,20173,531487
145,DN,Dadra and Nagar Haveli and Daman and Diu,DN_Diu,Diu,Diu,98843,310,3,45093,43048,10702,45014,43094,33,6901,88289
146,DL,Delhi,DL_Central Delhi,Central Delhi,Central Delhi,3053136,26969,122,1611532,1253097,188507,1734036,1129713,879,684994,2305887
147,DL,Delhi,DL_East Delhi,East Delhi,East Delhi,2800161,9387,53,1392386,1237897,169878,1463020,1166187,1073,571057,2134520
148,DL,Delhi,DL_New Delhi,New Delhi,New Delhi,2562160,50820,84,1171452,1108996,281712,1340370,939453,622,890715,1609551
149,DL,Delhi,DL_North Delhi,North Delhi,North Delhi,,,,,,,,,,,
150,DL,Delhi,DL_North East Delhi,North East Delhi,North East Delhi,2956886,41101,33,1495394,1220468,241024,1472645,1242070,1145,627816,2212681
151,DL,Delhi,DL_North West Delhi,North West Delhi,North West Delhi,4206152,52018,113,2188727,1767572,249853,2155485,1799127,1686,1257289,2798572
152,DL,Delhi,DL_Shahdara,Shahdara,Shahdara,2526814,40590,76,1295232,1066867,164715,1312122,1049020,956,486576,1957065
153,DL,Delhi,DL_South Delhi,South Delhi,South Delhi,3139496,20248,90,1564908,1314176,260412,1641150,1237041,890,669015,2370335
154,DL,Delhi,DL_South East Delhi,South East Delhi,South East Delhi,3477156,32446,91,1741479,1508812,226865,1853037,1395840,1409,1055172,2272435
155,DL,Delhi,DL_South West Delhi,South West Delhi,South West Delhi,4212204,23262,104,2074040,1870533,267631,2127826,1814981,1761,890926,3191144
156,DL,Delhi,DL_West Delhi,West Delhi,West Delhi,4017336,58250,88,1958572,1742632,316132,2065046,1634836,1321,1118222,2736345
157,GA,Goa,GA_North Goa,North Goa,North Goa,1336078,20251,25,679784,603446,52848,725864,557236,128,89504,1221405
158,GA,Goa,GA_South Goa,South Goa,South Goa,1513327,27580,30,758331,687445,67551,786799,658810,165,75736,1403771
159,GJ,Gujarat,GJ_Ahmedabad,Ahmedabad,Ahmedabad,3472367,27496,90,1489279,1593335,389753,1725845,1356230,535,517130,2856413
160,GJ,Gujarat,GJ_Ahmedabad,Ahmedabad Corporation,Ahmedabad,11394366,205314,164,5526786,4997124,870456,5916704,4605259,1939,1321062,9809250
161,GJ,Gujarat,GJ_Amreli,Amreli,Amreli,2531285,59169,77,1125115,1150103,256067,1172779,1102126,309,592651,1868420
162,GJ,Gujarat,GJ_Anand,Anand,Anand,4265422,23539,90,1894097,1943004,428321,1997769,1838681,645,758992,3347181
163,GJ,Gujarat,GJ_Aravalli,Aravalli,Aravalli,2122768,21786,84,858859,875572,388337,889581,844543,303,625163,1418972
164,GJ,Gujarat,GJ_Banaskantha,Banaskantha,Banaskantha,6154268,51692,234,2615841,2737286,801141,2869203,2482987,930,746071,5170873
165,GJ,Gujarat,GJ_Bharuch,Bharuch,Bharuch,3249833,31787,96,1468635,1493572,287626,1707480,1254081,645,435608,2736936
166,GJ,Gujarat,GJ_Bhavnagar,Bhavnagar,Bhavnagar,3473724,26423,15,1545422,1723213,205089,1761941,1506222,471,590858,2815856
167,GJ,Gujarat,GJ_Bhavnagar,Bhavnagar Corporation,Bhavnagar,1198716,69638,46,560840,532295,105581,577460,515535,138,216674,948637
168,GJ,Gujarat,GJ_Botad,Botad,Botad,1119863,19880,44,465623,460916,193324,482411,444003,125,201709,876097
169,GJ,Gujarat,GJ_Chhota Udaipur,Chhotaudepur,Chhota Udaipur,1787366,14858,42,785758,773494,228114,821010,737986,256,395637,1321298
170,GJ,Gujarat,GJ_Dahod,Dahod,Dahod,4117052,49686,96,1799674,1801063,516315,1863298,1736943,496,534726,3435487
171,GJ,Gujarat,GJ_Dang,Dang,Dang,417916,8150,11,195015,189677,33224,204909,179766,17,32343,367820
172,GJ,Gujarat,GJ_Devbhumi Dwarka,Devbhumi Dwaraka,Devbhumi Dwarka,1578256,36195,33,673571,683484,221201,727665,629132,254,339683,1185546
173,GJ,Gujarat,GJ_Gandhinagar,Gandhinagar,Gandhinagar,2371293,158947,93,996916,1042549,331828,1095746,943419,300,341514,1952465
174,GJ,Gujarat,GJ_Gandhinagar,Gandhinagar Corporation,Gandhinagar,838289,23870,15,428594,335576,74119,422647,341372,150,112593,709546
175,GJ,Gujarat,GJ_Gir Somnath,Gir Somnath,Gir Somnath,2307041,123679,86,1067650,1065810,173581,1094851,1038026,573,488127,1746354
176,GJ,Gujarat,GJ_Jamnagar,Jamnagar,Jamnagar,1783092,12050,27,768893,794839,219360,858321,705215,193,188190,1540339
177,GJ,Gujarat,GJ_Jamnagar,Jamnagar Corporation,Jamnagar,1181802,45109,48,573801,521242,86759,574882,519970,189,218884,932148
178,GJ,Gujarat,GJ_Junagadh,Junagadh,Junagadh,3017988,9411,27,1209028,1313073,495887,1344274,1177341,484,275146,2678912
179,GJ,Gujarat,GJ_Junagadh,Junagadh Corporation,Junagadh,768603,18000,15,314207,336165,118231,345004,305276,92,124442,622904
180,GJ,Gujarat,GJ_Kheda,Kheda,Kheda,4021575,43967,124,1749240,1772395,499940,1856819,1664284,531,932477,2978721
181,GJ,Gujarat,GJ_Kutch,Kutch,Kutch,3810292,22237,80,1793096,1709449,307747,1967308,1534610,624,558291,3138746
182,GJ,Gujarat,GJ_Mahisagar,Mahisagar,Mahisagar,2358611,33106,58,945103,985381,428127,1006707,923491,285,343154,1923339
183,GJ,Gujarat,GJ_Mehsana,Mehsana,Mehsana,3594020,21436,81,1656434,1589145,348441,1697771,1547285,519,644107,2836395
184,GJ,Gujarat,GJ_Morbi,Morbi,Morbi,1947704,26074,88,875313,901686,170705,1007012,769701,285,255436,1629497
185,GJ,Gujarat,GJ_Narmada,Narmada,Narmada,1205788,33150,29,520430,515896,169462,542139,494029,155,217151,945077
186,GJ,Gujarat,GJ_Navsari,Navsari,Navsari,2599216,13441,77,1124455,1129952,344809,1138916,1115167,322,652968,1866891
187,GJ,Gujarat,GJ_Panchmahal,Panchmahal,Panchmahal,3101906,39762,52,1319765,1335776,446365,1443886,1211172,482,540523,2467974
188,GJ,Gujarat,GJ_Patan,Patan,Patan,2267018,29967,93,1018153,1022212,226653,1051222,988882,261,510776,1677406
189,GJ,Gujarat,GJ_Porbandar,Porbandar,Porbandar,1108256,14162,58,486601,474703,146952,491407,469737,156,228736,847969
190,GJ,Gujarat,GJ_Rajkot,Rajkot,Rajkot,2929802,17636,32,1343880,1334015,251907,1460543,1216912,437,228089,2626739
191,GJ,Gujarat,GJ_Rajkot,Rajkot Corporation,Rajkot,3011192,23608,52,1449623,1309224,252345,1533005,1225327,509,307557,2601018
192,GJ,Gujarat,GJ_Sabarkantha,Sabarkantha,Sabarkantha,2782889,42238,135,1201066,1202905,378918,1243940,1159616,398,297795,2388663
193,GJ,Gujarat,GJ_Surat,Surat,Surat,2989441,9537,51,1410742,1306847,271852,1553632,1163508,449,350953,2548278
194,GJ,Gujarat,GJ_Surat,Surat Corporation,Surat,9084001,546540,69,4477890,4030779,575332,5139647,3366300,2713,930175,7903602
195,GJ,Gujarat,GJ_Surendranagar,Surendranagar,Surendranagar,3331164,45444,52,1480777,1594534,255853,1648028,1426739,542,619619,2626299
196,GJ,Gujarat,GJ_Tapi,Tapi,Tapi,1443376,33089,105,624189,622030,197157,644661,601391,167,178049,1228598
197,GJ,Gujarat,GJ_Vadodara,Vadodara,Vadodara,2865786,11106,70,1269046,1305998,290742,1378147,1196449,442,365799,2426941
198,GJ,Gujarat,GJ_Vadodara,Vadodara Corporation,Vadodara,3941562,48382,67,1740925,1671177,529460,1828975,1582232,888,494280,3385492
199,GJ,Gujarat,GJ_Valsad,Valsad,Valsad,3427894,27277,103,1471493,1576207,380194,1746769,1300104,823,614240,2725275
200,HR,Haryana,HR_Ambala,Ambala,Ambala,2196673,4670,14,1065147,1042545,88981,1128736,978543,411,463416,1691003
201,HR,Haryana,HR_Bhiwani,Bhiwani,Bhiwani,1870052,24135,44,925453,873997,70602,928364,870719,367,364829,1466500
202,HR,Haryana,HR_Charkhi Dadri,Charkhi Dadri,Charkhi Dadri,941983,15900,27,441112,426336,74535,452356,414938,153,230987,689082
203,HR,Haryana,HR_Faridabad,Faridabad,Faridabad,4156413,84843,46,2172376,1816042,167995,2288455,1698837,1126,674705,3355881
204,HR,Haryana,HR_Fatehabad,Fatehabad,Fatehabad,1208707,25600,28,707864,486768,14075,615989,578467,176,177626,1021184
205,HR,Haryana,HR_Gurugram,Gurgaon,Gurugram,5642578,47261,57,2752785,2460572,429221,3179756,2031833,1768,717266,4749387
206,HR,Haryana,HR_Hisar,Hisar,Hisar,2413789,13620,30,1339910,1026150,47729,1217761,1147955,344,371585,2016876
207,HR,Haryana,HR_Jhajjar,Jhajjar,Jhajjar,1623575,14880,22,875063,701727,46785,877861,698654,276,284739,1314600
208,HR,Haryana,HR_Jind,Jind,Jind,1767515,16700,39,970989,764705,31821,885764,849688,241,307441,1441873
209,HR,Haryana,HR_Kaithal,Kaithal,Kaithal,1863502,9058,52,916988,855658,90856,910757,861673,215,470936,1351739
210,HR,Haryana,HR_Karnal,Karnal,Karnal,2448534,144019,37,1327314,1065172,56048,1250634,1141415,437,622980,1753105
211,HR,Haryana,HR_Kurukshetra,Kurukshetra,Kurukshetra,1613093,19208,37,816681,747284,49128,802877,760857,232,229123,1343512
212,HR,Haryana,HR_Mahendragarh,Mahendragarh,Mahendragarh,1434945,18442,24,758882,616573,59490,703804,671307,344,210643,1201164
213,HR,Haryana,HR_Nuh,Nuh,Nuh,1226563,460,2,779786,441257,5520,689649,531207,188,518960,704782
214,HR,Haryana,HR_Palwal,Palwal,Palwal,1568524,237000,23,872293,670512,25719,831249,711247,309,401878,1125449
215,HR,Haryana,HR_Panchkula,Panchkula,Panchkula,1171390,7220,21,580309,518116,72965,586205,511988,231,205594,936851
216,HR,Haryana,HR_Panipat,Panipat,Panipat,2115612,32690,39,1163874,894536,57202,1162821,894597,992,421286,1652495
217,HR,Haryana,HR_Rewari,Rewari,Rewari,1617142,2663,7,830054,716920,70168,847704,698740,528,216858,1368286
218,HR,Haryana,HR_Rohtak,Rohtak,Rohtak,1799174,21102,34,913211,824436,61527,937870,799485,292,341874,1432882
219,HR,Haryana,HR_Sirsa,Sirsa,Sirsa,1976697,24600,56,1092642,854273,29782,1015641,930921,352,316312,1633933
220,HR,Haryana,HR_Sonipat,Sonipat,Sonipat,2342915,5762,13,1297791,994307,50817,1279935,1011787,375,524360,1786580
221,HR,Haryana,HR_Yamunanagar,Yamunanagar,Yamunanagar,2022110,26420,30,1036650,926759,58701,1053764,909354,290,294201,1690745
222,HP,Himachal Pradesh,HP_Bilaspur,Bilaspur,Bilaspur,848646,8098,66,366772,360848,121026,359799,367668,152,45091,777893
223,HP,Himachal Pradesh,HP_Chamba,Chamba,Chamba,930676,12540,44,434812,414317,81547,418739,430205,185,67138,821385
224,HP,Himachal Pradesh,HP_Hamirpur,Hamirpur,Hamirpur,1001254,5306,36,432989,415128,153137,398359,449466,292,54792,915831
225,HP,Himachal Pradesh,HP_Kangra,Kangra,Kangra,3080040,72800,208,1369118,1325622,385300,1301390,1392566,784,186152,2789970
226,HP,Himachal Pradesh,HP_Kinnaur,Kinnaur,Kinnaur,197013,177,5,86529,76034,34450,95216,67317,30,6487,186451
227,HP,Himachal Pradesh,HP_Kullu,Kullu,Kullu,896598,9328,50,412663,384074,99861,422886,373660,190,52801,810896
228,HP,Himachal Pradesh,HP_Lahaul and Spiti,Lahaul Spiti,Lahaul and Spiti,74965,232,2,34319,27987,12659,37806,24489,11,2380,71009
229,HP,Himachal Pradesh,HP_Mandi,Mandi,Mandi,1958433,13818,107,895190,847483,215760,840535,901768,369,117032,1776638
230,HP,Himachal Pradesh,HP_Shimla,Shimla,Shimla,1641026,18339,71,785418,735024,120584,828222,691926,294,82939,1505590
231,HP,Himachal Pradesh,HP_Sirmaur,Sirmaur,Sirmaur,1076957,7965,33,501501,472964,102492,528957,445349,159,62918,978457
232,HP,Himachal Pradesh,HP_Solan,Solan,Solan,1638727,9867,40,798239,720249,120239,906823,611342,321,75243,1512944
233,HP,Himachal Pradesh,HP_Una,Una,Una,1126804,17695,55,502232,491622,132950,499865,493648,340,66148,1023857
234,JK,Jammu and Kashmir,JK_Anantnag,Anantnag,Anantnag,1886294,7560,16,913263,929895,43136,966600,876271,288,318120,1461619
235,JK,Jammu and Kashmir,JK_Bandipora,Bandipore,Bandipora,746521,9511,31,356218,368176,22127,396289,328025,80,61406,650975
236,JK,Jammu and Kashmir,JK_Baramulla,Baramulla,Baramulla,1917089,25490,34,916328,956196,44565,993325,878761,437,303155,1517510
237,JK,Jammu and Kashmir,JK_Budgam,Budgam,Budgam,1445857,34875,30,691959,723682,30216,791165,624295,181,168036,1202472
238,JK,Jammu and Kashmir,JK_Doda,Doda,Doda,787749,36800,17,380378,378478,28893,415613,343118,125,72326,667954
239,JK,Jammu and Kashmir,JK_Ganderbal,Ganderbal,Ganderbal,560824,1634,18,269568,272016,19240,296717,244807,59,47491,484699
240,JK,Jammu and Kashmir,JK_Jammu,Jammu,Jammu,3110260,186014,91,1437602,1432607,240051,1565774,1303564,869,581514,2437582
241,JK,Jammu and Kashmir,JK_Kathua,Kathua,Kathua,1243396,40020,55,591357,601413,50626,638013,554580,177,97826,1072732
242,JK,Jammu and Kashmir,JK_Kishtwar,Kishtwar,Kishtwar,407279,1430,8,192371,193890,21018,210112,176087,62,26738,362044
243,JK,Jammu and Kashmir,JK_Kulgam,Kulgam,Kulgam,1015966,10818,36,463044,515088,37834,533205,444807,120,99231,876185
244,JK,Jammu and Kashmir,JK_Kupwara,Kupwara,Kupwara,1654586,6370,14,797437,809672,47477,884197,722677,235,229981,1346760
245,JK,Jammu and Kashmir,JK_Punch,Poonch,Punch,962843,12813,23,458705,462394,41744,511876,409087,136,201975,704672
246,JK,Jammu and Kashmir,JK_Pulwama,Pulwama,Pulwama,1084523,4596,15,508856,534951,40716,571456,472248,103,96350,931787
247,JK,Jammu and Kashmir,JK_Rajouri,Rajouri,Rajouri,1239021,15500,39,588445,608090,42486,671875,524480,179,120805,1051163
248,JK,Jammu and Kashmir,JK_Ramban,Ramban,Ramban,563292,5102,36,266450,264920,31922,307640,223663,67,47483,478049
249,JK,Jammu and Kashmir,JK_Reasi,Reasi,Reasi,660705,27780,107,300410,310137,50158,342563,267925,59,54823,572553
250,JK,Jammu and Kashmir,JK_Samba,Samba,Samba,727518,5579,18,344405,334208,48905,368853,309585,175,57219,643704
251,JK,Jammu and Kashmir,JK_Shopiyan,Shopian,Shopiyan,503905,830,5,239434,243075,21396,265171,217288,51,43739,432343
252,JK,Jammu and Kashmir,JK_Srinagar,Srinagar,Srinagar,2447904,71394,17,1122560,1238670,86674,1383569,976998,663,414009,1920861
253,JK,Jammu and Kashmir,JK_Udhampur,Udhampur,Udhampur,1108938,12993,48,520710,524000,64228,526532,517979,199,99755,950672
254,JH,Jharkhand,JH_Bokaro,Bokaro,Bokaro,2814406,13530,35,1647921,1076726,89759,1409467,1314325,853,405270,2324969
255,JH,Jharkhand,JH_Chatra,Chatra,Chatra,1117045,6328,11,684269,415962,16814,525052,574997,182,140460,943516
256,JH,Jharkhand,JH_Deoghar,Deoghar,Deoghar,1784455,7126,10,1023279,731615,29561,923411,831078,404,348058,1380435
257,JH,Jharkhand,JH_Dhanbad,Dhanbad,Dhanbad,2975186,10706,35,1698365,1203188,73633,1504511,1396165,877,483244,2412866
258,JH,Jharkhand,JH_Dumka,Dumka,Dumka,1772806,7950,48,990553,760679,21574,855320,895644,267,365047,1355698
259,JH,Jharkhand,JH_East Singhbhum,East Singhbhum,East Singhbhum,3432082,12540,26,1818717,1425921,187444,1666255,1577422,960,574155,2753311
260,JH,Jharkhand,JH_Garhwa,Garhwa,Garhwa,1504370,17068,11,921167,572341,10862,743072,750018,418,324116,1119084
261,JH,Jharkhand,JH_Giridih,Giridih,Giridih,2584523,55484,76,1529222,1015006,40295,1216165,1327491,571,406247,2091644
262,JH,Jharkhand,JH_Godda,Godda,Godda,1616773,24926,46,895047,681668,40058,793111,783347,258,407486,1143808
263,JH,Jharkhand,JH_Gumla,Gumla,Gumla,1594287,2446,6,800706,774632,18949,777875,797071,392,398819,1112347
264,JH,Jharkhand,JH_Hazaribagh,Hazaribagh,Hazaribagh,2144323,30169,67,1209137,879614,55572,1009246,1078771,734,502834,1565387
265,JH,Jharkhand,JH_Jamtara,Jamtara,Jamtara,931867,17409,10,554957,354190,22720,461122,447915,109,199179,704472
266,JH,Jharkhand,JH_Khunti,Khunti,Khunti,892581,21025,15,448467,421741,22373,434493,435536,177,301558,557600
267,JH,Jharkhand,JH_Koderma,Koderma,Koderma,817881,1141,4,502631,305573,9677,384378,423664,162,185272,614304
268,JH,Jharkhand,JH_Latehar,Latehar,Latehar,913208,11484,45,525335,373257,14616,442124,456318,150,264041,609989
269,JH,Jharkhand,JH_Lohardaga,Lohardaga,Lohardaga,603433,3591,15,342912,251676,8845,296466,298024,98,255482,334981
270,JH,Jharkhand,JH_Pakur,Pakur,Pakur,1260845,12571,10,660522,551056,49267,608334,602983,261,343490,881080
271,JH,Jharkhand,JH_Palamu,Palamu,Palamu,2483643,161168,42,1404078,1046199,33366,1204447,1245316,513,579922,1798022
272,JH,Jharkhand,JH_Ramgarh,Ramgarh,Ramgarh,1215190,11653,27,689377,487312,38501,605677,570676,337,228627,952878
273,JH,Jharkhand,JH_Ranchi,Ranchi,Ranchi,3832370,36565,23,2191485,1498568,142317,1894786,1794247,1015,684147,3047261
274,JH,Jharkhand,JH_Sahibganj,Sahebganj,Sahibganj,1390111,56019,49,826356,544355,19400,693542,676947,221,284650,1054302
275,JH,Jharkhand,JH_Saraikela-Kharsawan,Seraikela Kharsawan,Saraikela-Kharsawan,1260527,4203,4,724976,499395,36156,637876,586188,307,201925,1017803
276,JH,Jharkhand,JH_Simdega,Simdega,Simdega,929985,23020,23,457399,455165,17421,457698,454735,131,239020,642857
277,JH,Jharkhand,JH_West Singhbhum,West Singhbhum,West Singhbhum,2142623,29716,24,1200966,856651,85006,1007190,1050047,379,424008,1600517
278,KA,Karnataka,KA_Bagalkote,Bagalkot,Bagalkote,3340618,209822,111,1596634,1579220,164764,1551900,1623579,373,627621,2563459
279,KA,Karnataka,KA_Bengaluru Rural,Bangalore Rural,Bengaluru Rural,2011643,23424,39,918843,944806,147994,1022018,841210,421,282491,1655178
280,KA,Karnataka,KA_Bengaluru Urban,Bangalore Urban,Bengaluru Urban,3198392,355487,152,1515822,1447906,234664,1674498,1288643,586,415493,2665943
281,KA,Karnataka,KA_Bengaluru Urban,BBMP,Bengaluru Urban,20300904,296047,465,9668040,9443694,1189170,10563697,8543190,4842,3536726,16159262
282,KA,Karnataka,KA_Belagavi,Belgaum,Belagavi,8792124,51558,64,4063336,4124152,604636,4058588,4127563,1331,1260221,7173196
283,KA,Karnataka,KA_Ballari,Bellary,Ballari,5082283,65650,57,2377878,2380813,323592,2360580,2397154,958,857304,3991424
284,KA,Karnataka,KA_Bidar,Bidar,Bidar,3041639,1021000,209,1422778,1456278,162583,1446856,1431853,346,508540,2394042
285,KA,Karnataka,KA_Chamarajanagara,Chamarajanagar,Chamarajanagara,1845674,13930,33,856517,845939,143218,810406,891740,308,407272,1383610
286,KA,Karnataka,KA_Chikkamagaluru,Chikamagalur,Chikkamagaluru,1938189,26798,82,895593,906666,135930,876436,925606,217,279239,1595551
287,KA,Karnataka,KA_Chikkaballapura,Chikkaballapur,Chikkaballapura,2375874,92828,96,1087908,1087226,200740,1071258,1103567,306,425880,1863826
288,KA,Karnataka,KA_Chitradurga,Chitradurga,Chitradurga,3078981,230453,68,1420409,1418612,239960,1387307,1451176,536,393310,2571799
289,KA,Karnataka,KA_Dakshina Kannada,Dakshina Kannada,Dakshina Kannada,3967084,300719,107,1884656,1887061,195367,1886885,1883812,1018,542341,3278904
290,KA,Karnataka,KA_Davanagere,Davanagere,Davanagere,2967044,65899,50,1381335,1398718,186991,1359956,1419559,535,429621,2429854
291,KA,Karnataka,KA_Dharwad,Dharwad,Dharwad,3543711,56328,46,1665785,1655275,222651,1665959,1654522,578,526631,2888209
292,KA,Karnataka,KA_Gadag,Gadag,Gadag,1944683,137102,61,920781,909894,114008,884874,945494,305,313278,1553937
293,KA,Karnataka,KA_Kalaburagi,Gulbarga,Kalaburagi,4453652,94942,49,2137663,2151027,164962,2145913,2142157,619,1052690,3175826
294,KA,Karnataka,KA_Hassan,Hassan,Hassan,3353375,20635,33,1491164,1502024,360187,1448147,1544541,497,550930,2705408
295,KA,Karnataka,KA_Haveri,Haveri,Haveri,2813758,7730,11,1342056,1345100,126602,1332230,1354601,325,426258,2275287
296,KA,Karnataka,KA_Kodagu,Kodagu,Kodagu,994058,72081,46,454943,460344,78771,449683,465469,135,160656,798056
297,KA,Karnataka,KA_Kolar,Kolar,Kolar,3005494,37170,43,1336058,1375226,294210,1378993,1331869,419,565946,2333637
298,KA,Karnataka,KA_Koppal,Koppal,Koppal,2501269,172456,210,1150733,1140177,210359,1113790,1176725,387,514418,1859776
299,KA,Karnataka,KA_Mandya,Mandya,Mandya,3284688,69988,141,1467006,1506168,311514,1419879,1552758,536,483094,2700096
300,KA,Karnataka,KA_Mysuru,Mysore,Mysuru,5988503,632636,169,2741668,2735642,511193,2686454,2789832,1022,882251,4904017
301,KA,Karnataka,KA_Raichur,Raichur,Raichur,3223884,249340,152,1533554,1535401,154929,1482997,1585575,381,701168,2357504
302,KA,Karnataka,KA_Ramanagara,Ramanagara,Ramanagara,2024834,59324,54,902971,914074,207789,905162,911574,309,386750,1574839
303,KA,Karnataka,KA_Shivamogga,Shimoga,Shivamogga,3050445,32330,26,1460392,1442908,147145,1416287,1486692,320,488487,2458591
304,KA,Karnataka,KA_Tumakuru,Tumkur,Tumakuru,4663208,589406,164,2223861,2211498,227849,2188403,2246220,724,758575,3741695
305,KA,Karnataka,KA_Udupi,Udupi,Udupi,2401383,218249,116,1090309,1084021,227053,1044663,1129338,330,345531,1983933
306,KA,Karnataka,KA_Uttara Kannada,Uttar Kannada,Uttara Kannada,2531130,20573,41,1175456,1184186,171488,1179749,1179590,303,277637,2167701
307,KA,Karnataka,KA_Vijayapura,Vijayapura,Vijayapura,4130711,166096,61,1938674,1900690,291347,1957598,1881121,644,842450,3090321
308,KA,Karnataka,KA_Yadgir,Yadgir,Yadgir,2148013,268144,89,969906,986274,191833,979197,976646,336,325686,1707434
309,KL,Kerala,KL_Alappuzha,Alappuzha,Alappuzha,3614705,82510,88,1738863,1626650,249192,1587801,1776810,898,547227,2977364
310,KL,Kerala,KL_Ernakulam,Ernakulam,Ernakulam,6496489,55866,100,3312744,2842319,341426,3140721,3012922,1413,841021,5511176
311,KL,Kerala,KL_Idukki,Idukki,Idukki,1844343,5944,19,961835,812107,70401,885872,887592,478,245281,1558417
312,KL,Kerala,KL_Kannur,Kannur,Kannur,4293267,28952,39,2172434,1926399,194434,1923202,2174233,1396,467314,3718960
313,KL,Kerala,KL_Kasaragod,Kasaragod,Kasaragod,2008990,5210,25,1059004,888966,61020,924072,1023350,546,271444,1684707
314,KL,Kerala,KL_Kollam,Kollam,Kollam,4393845,8209,37,2230813,1945635,217397,1918061,2257054,1330,640463,3653836
315,KL,Kerala,KL_Kottayam,Kottayam,Kottayam,3355574,42504,87,1679967,1489625,185982,1556146,1612560,881,376866,2899845
316,KL,Kerala,KL_Kozhikode,Kozhikode,Kozhikode,5132003,39642,57,2701111,2241245,189647,2343496,2597206,1652,556101,4474940
317,KL,Kerala,KL_Malappuram,Malappuram,Malappuram,6336337,34502,47,3460420,2705073,170844,2898645,3264391,2456,767291,5404183
318,KL,Kerala,KL_Palakkad,Palakkad,Palakkad,4608391,14410,34,2342360,2033696,232335,2046107,2328620,1328,585014,3920913
319,KL,Kerala,KL_Pathanamthitta,Pathanamthitta,Pathanamthitta,2321216,31780,50,1157467,992143,171606,1019113,1130042,454,271513,2008646
320,KL,Kerala,KL_Thiruvananthapuram,Thiruvananthapuram,Thiruvananthapuram,5743808,42513,129,2897848,2526502,319458,2558683,2864242,1422,783047,4818013
321,KL,Kerala,KL_Thrissur,Thrissur,Thrissur,5524435,62639,129,2649165,2473392,401878,2398140,2722980,1434,686326,4699450
322,KL,Kerala,KL_Wayanad,Wayanad,Wayanad,1457249,50480,14,751025,652724,53500,682019,721342,388,212754,1208798
323,LA,Ladakh,LA_Kargil,Kargil,Kargil,226332,2160,11,102949,88444,34939,100006,91358,28,12280,206033
324,LA,Ladakh,LA_Leh,Leh,Leh,316343,3604,11,134887,113740,67716,148392,100210,24,12415,296020
325,LD,Lakshadweep,LD_Lakshadweep,Lakshadweep,Lakshadweep,131970,6800,10,61654,59858,10458,64537,56969,6,7095,121353
326,MP,Madhya Pradesh,MP_Agar Malwa,Agar,Agar Malwa,1046310,5300,13,501930,485036,59344,520291,466186,489,116568,906570
327,MP,Madhya Pradesh,MP_Alirajpur,Alirajpur,Alirajpur,1135605,28710,42,525824,523388,86393,550792,498291,129,197939,868527
328,MP,Madhya Pradesh,MP_Anuppur,Anuppur,Anuppur,1250198,30644,40,599193,584619,66386,591760,591915,137,211268,982217
329,MP,Madhya Pradesh,MP_Ashoknagar,Ashoknagar,Ashoknagar,1385209,493,2,667413,634022,83774,679455,621705,275,280221,1063203
330,MP,Madhya Pradesh,MP_Balaghat,Balaghat,Balaghat,3442325,10512,18,1532424,1555406,354495,1510781,1576525,522,618873,2715569
331,MP,Madhya Pradesh,MP_Barwani,Barwani,Barwani,2052380,1970,3,968369,912373,171638,967509,912885,347,347803,1654543
332,MP,Madhya Pradesh,MP_Betul,Betul,Betul,2591946,38096,10,1254352,1195738,141856,1245900,1203855,335,439372,2103315
333,MP,Madhya Pradesh,MP_Bhind,Bhind,Bhind,2790247,52210,26,1325466,1261505,203276,1398446,1187782,743,471781,2202153
334,MP,Madhya Pradesh,MP_Bhopal,Bhopal,Bhopal,4788169,132290,93,2363124,2174727,250318,2477850,2058841,1157,839997,3864540
335,MP,Madhya Pradesh,MP_Burhanpur,Burhanpur,Burhanpur,1322166,3225,18,626638,616623,78905,645017,598040,201,331748,953873
336,MP,Madhya Pradesh,MP_Chhatarpur,Chhatarpur,Chhatarpur,2803891,27380,26,1358619,1302680,142592,1412590,1247404,1305,484740,2257196
337,MP,Madhya Pradesh,MP_Chhindwara,Chhindwara,Chhindwara,4180070,50984,53,1883937,1901040,395093,1922637,1861324,1013,633123,3426912
338,MP,Madhya Pradesh,MP_Damoh,Damoh,Damoh,2262938,20930,19,1033281,1061600,168057,1084599,1009951,330,313431,1853726
339,MP,Madhya Pradesh,MP_Datia,Datia,Datia,1400438,7144,32,660469,649223,90746,701632,607777,283,290969,1070731
340,MP,Madhya Pradesh,MP_Dewas,Dewas,Dewas,2673772,12823,37,1265121,1229186,179465,1280275,1212893,1140,477244,2111873
341,MP,Madhya Pradesh,MP_Dhar,Dhar,Dhar,3716395,3709,7,1760297,1737681,218417,1819789,1677291,898,609551,2936601
342,MP,Madhya Pradesh,MP_Dindori,Dindori,Dindori,1333667,3389,31,581562,599001,153104,586068,594343,152,208887,1063878
343,MP,Madhya Pradesh,MP_Guna,Guna,Guna,2082453,8240,17,1005859,980544,96050,1046594,939405,404,347356,1654904
344,MP,Madhya Pradesh,MP_Gwalior,Gwalior,Gwalior,3649895,489330,152,1785607,1670751,193537,1841856,1613661,832,747898,2821751
345,MP,Madhya Pradesh,MP_Harda,Harda,Harda,981961,4920,6,478205,438636,65120,477468,439219,153,140692,819269
346,MP,Madhya Pradesh,MP_Hoshangabad,Hoshangabad,Hoshangabad,2199359,9660,26,1033567,1011319,154473,1055463,988980,443,385623,1766489
347,MP,Madhya Pradesh,MP_Indore,Indore,Indore,7034153,82360,74,3457813,3185143,391197,3541323,3099995,1634,1497279,5401454
348,MP,Madhya Pradesh,MP_Jabalpur,Jabalpur,Jabalpur,4778089,9412,17,2233065,2211007,334017,2269450,2173565,1054,1479056,3199441
349,MP,Madhya Pradesh,MP_Jhabua,Jhabua,Jhabua,1690365,51933,54,797208,743974,149183,776081,764971,129,191045,1427066
350,MP,Madhya Pradesh,MP_Katni,Katni,Katni,2153241,8270,24,1011764,982366,159111,1024728,968984,418,307860,1812173
351,MP,Madhya Pradesh,MP_Khandwa,Khandwa,Khandwa,2261747,58119,111,1067508,1048114,146125,1079167,1036123,331,429364,1776029
352,MP,Madhya Pradesh,MP_Khargone,Khargone,Khargone,3278480,2473,17,1516947,1489939,271594,1551452,1454756,678,550014,2605838
353,MP,Madhya Pradesh,MP_Mandla,Mandla,Mandla,1738606,16930,17,820485,797624,120497,788894,829004,211,253979,1438531
354,MP,Madhya Pradesh,MP_Mandsaur,Mandsaur,Mandsaur,2437550,18129,38,1119299,1124875,193376,1142896,1100426,852,403377,1960767
355,MP,Madhya Pradesh,MP_Morena,Morena,Morena,3624382,8320,10,1625079,1649116,350187,1795585,1478041,569,559235,2877109
356,MP,Madhya Pradesh,MP_Narsinghpur,Narsinghpur,Narsinghpur,1935394,3600,10,931029,877489,126876,933635,874546,337,281464,1616266
357,MP,Madhya Pradesh,MP_Neemuch,Neemuch,Neemuch,1478709,113776,130,687519,679996,111194,698993,668104,418,226486,1206421
358,MP,Madhya Pradesh,MP_Panna,Panna,Panna,1776059,2000,4,802759,850937,122363,886426,766939,331,287296,1427043
359,MP,Madhya Pradesh,MP_Raisen,Raisen,Raisen,2228598,5990,9,1065477,1012723,150398,1099371,978440,389,500364,1668402
360,MP,Madhya Pradesh,MP_Rajgarh,Rajgarh,Rajgarh,2514155,9705,41,1224874,1149217,140064,1216934,1156609,548,449665,1995950
361,MP,Madhya Pradesh,MP_Ratlam,Ratlam,Ratlam,2622717,27208,21,1210879,1191595,220243,1229961,1171841,672,441890,2111441
362,MP,Madhya Pradesh,MP_Rewa,Rewa,Rewa,4097861,7019,11,1959500,1914764,223597,1981842,1891696,726,554961,3416614
363,MP,Madhya Pradesh,MP_Sagar,Sagar,Sagar,4102261,50196,35,1940335,1935647,226279,2022518,1852366,1097,990859,2960781
364,MP,Madhya Pradesh,MP_Satna,Satna,Satna,3875487,90337,59,1811497,1806585,257405,1885061,1732336,685,441896,3329231
365,MP,Madhya Pradesh,MP_Sehore,Sehore,Sehore,2204554,50660,30,1093478,999253,111823,1083440,1008815,475,387569,1766634
366,MP,Madhya Pradesh,MP_Seoni,Seoni,Seoni,2498688,4680,5,1156659,1163884,178145,1159472,1160664,406,396398,1995660
367,MP,Madhya Pradesh,MP_Shahdol,Shahdol,Shahdol,1862126,1500,1,872129,841637,148360,880581,832981,204,196791,1597046
368,MP,Madhya Pradesh,MP_Shajapur,Shajapur,Shajapur,1666195,13350,14,774823,746713,144659,787235,733639,662,225736,1371518
369,MP,Madhya Pradesh,MP_Sheopur,Sheopur,Sheopur,1073410,0,0,500230,495177,78003,524729,470483,195,201476,841473
370,MP,Madhya Pradesh,MP_Shivpuri,Shivpuri,Shivpuri,2851880,6260,25,1354480,1312120,185280,1412263,1253941,396,471628,2277218
371,MP,Madhya Pradesh,MP_Sidhi,Sidhi,Sidhi,1899453,15608,18,888363,890637,120453,916980,861706,314,274585,1530245
372,MP,Madhya Pradesh,MP_Singrauli,Singrauli,Singrauli,1916387,8950,20,954084,859925,102378,975740,837919,348,240895,1611844
373,MP,Madhya Pradesh,MP_Tikamgarh,Tikamgarh,Tikamgarh,2421339,1911,3,1139370,1125003,156966,1202188,1061699,485,616294,1742527
374,MP,Madhya Pradesh,MP_Ujjain,Ujjain,Ujjain,3506863,6850,24,1680165,1592623,234075,1672751,1599278,758,584887,2846765
375,MP,Madhya Pradesh,MP_Umaria,Umaria,Umaria,1150452,26200,42,537934,526009,86509,543001,520762,180,144719,973773
376,MP,Madhya Pradesh,MP_Vidisha,Vidisha,Vidisha,2365686,9800,9,1153885,1094684,117117,1182043,1066054,471,357856,1945950
377,MH,Maharashtra,MH_Ahmednagar,Ahmednagar,Ahmednagar,6302107,56238,124,3410061,2691721,200325,3190933,2909184,1661,1115509,4953920
378,MH,Maharashtra,MH_Akola,Akola,Akola,2199845,20309,38,1235005,877072,87768,1070707,1040970,398,445756,1702003
379,MH,Maharashtra,MH_Amravati,Amravati,Amravati,3732346,265425,150,2090931,1530767,110648,1828097,1793024,577,882080,2747298
380,MH,Maharashtra,MH_Aurangabad,Aurangabad,Aurangabad,5632035,108984,99,3042924,2369583,219528,2902316,2508867,1320,603082,4856503
381,MH,Maharashtra,MH_Beed,Beed,Beed,3509842,115184,91,1872057,1497867,139918,1763020,1606360,544,647045,2724989
382,MH,Maharashtra,MH_Bhandara,Bhandara,Bhandara,1971637,180626,114,991148,883558,96931,917995,956419,292,916247,1003744
383,MH,Maharashtra,MH_Buldhana,Buldhana,Buldhana,3184914,129870,90,1839849,1296754,48311,1608446,1527720,437,1066546,2032802
384,MH,Maharashtra,MH_Chandrapur,Chandrapur,Chandrapur,3341097,57847,150,1725806,1463055,152236,1607401,1581012,448,410602,2825901
385,MH,Maharashtra,MH_Dhule,Dhule,Dhule,2868101,16472,41,1499138,1235906,133057,1397912,1336616,515,750959,2037402
386,MH,Maharashtra,MH_Gadchiroli,Gadchiroli,Gadchiroli,1497630,109494,41,818183,635271,44176,735845,717364,245,563165,901389
387,MH,Maharashtra,MH_Gondia,Gondia,Gondia,2058189,33780,90,1079635,890050,88504,951280,1018156,249,971741,1024886
388,MH,Maharashtra,MH_Hingoli,Hingoli,Hingoli,1649858,93715,91,851357,747592,50909,819566,779155,226,484538,1124528
389,MH,Maharashtra,MH_Jalgaon,Jalgaon,Jalgaon,5813232,137535,221,3038649,2486612,287971,2813807,2710332,1118,635672,5009341
390,MH,Maharashtra,MH_Jalna,Jalna,Jalna,2846188,73066,89,1501328,1272625,72235,1432540,1341000,412,565923,2174268
391,MH,Maharashtra,MH_Kolhapur,Kolhapur,Kolhapur,5877417,337101,172,3151021,2508145,218251,2868157,2789606,1399,693933,4991057
392,MH,Maharashtra,MH_Latur,Latur,Latur,3403702,72767,156,1817827,1438966,146909,1668767,1587505,522,883372,2409801
393,MH,Maharashtra,MH_Mumbai,Mumbai,Mumbai,21973160,67643,188,10870322,9769100,1333738,12081495,8552213,5708,2773390,18834268
394,MH,Maharashtra,MH_Nagpur,Nagpur,Nagpur,7531139,156169,163,3999389,3088277,443473,3588372,3498092,1195,823207,6537798
395,MH,Maharashtra,MH_Nanded,Nanded,Nanded,4242329,229372,232,2353903,1820162,68264,2132451,2041046,565,900649,3252073
396,MH,Maharashtra,MH_Nandurbar,Nandurbar,Nandurbar,1982691,124590,61,1133550,790901,58240,972091,952120,239,372399,1561553
397,MH,Maharashtra,MH_Nashik,Nashik,Nashik,10176263,170504,250,5147956,4557961,470346,5059274,4644907,1727,1167197,8626570
398,MH,Maharashtra,MH_Osmanabad,Osmanabad,Osmanabad,2163241,56787,90,1195955,900434,66852,1067040,1028981,368,424023,1664794
399,MH,Maharashtra,MH_Palghar,Palghar,Palghar,5032662,75523,68,2493985,2262979,275698,2540053,2215648,1263,543787,4366432
400,MH,Maharashtra,MH_Parbhani,Parbhani,Parbhani,2431318,172028,123,1335755,1029884,65679,1212735,1152643,260,726646,1646920
401,MH,Maharashtra,MH_Pune,Pune,Pune,19195107,131231,221,9828074,8415320,951713,10107498,8130963,4925,2114174,16643462
402,MH,Maharashtra,MH_Raigad,Raigad,Raigad,4746921,51758,88,2364825,2133058,249038,2464796,2031838,1249,559695,4057605
403,MH,Maharashtra,MH_Ratnagiri,Ratnagiri,Ratnagiri,2235176,195000,143,1146537,978130,110509,1036250,1088167,250,436074,1740566
404,MH,Maharashtra,MH_Sangli,Sangli,Sangli,4541533,285366,172,2324409,2029741,187383,2203505,2149843,802,475010,3911800
405,MH,Maharashtra,MH_Satara,Satara,Satara,4662139,52395,88,2415125,2012404,234610,2217852,2208627,1045,673822,3840291
406,MH,Maharashtra,MH_Sindhudurg,Sindhudurg,Sindhudurg,1232677,4400,23,637597,555805,39275,600633,592585,184,289346,908928
407,MH,Maharashtra,MH_Solapur,Solapur,Solapur,5837599,1136300,116,3246464,2438077,153058,2946456,2736453,1631,416034,5254230
408,MH,Maharashtra,MH_Thane,Thane,Thane,14156191,162820,220,7085657,6323158,747376,7394104,6010545,4165,1635510,12178024
409,MH,Maharashtra,MH_Wardha,Wardha,Wardha,1901241,56945,48,1030832,812316,58093,922093,920801,254,298328,1547733
410,MH,Maharashtra,MH_Washim,Washim,Washim,1651355,140148,35,889333,711941,50081,832843,768203,228,816960,788213
411,MH,Maharashtra,MH_Yavatmal,Yavatmal,Yavatmal,3566842,242343,115,1956916,1525646,84280,1773479,1708484,598,797506,2662984
412,MN,Manipur,MN_Bishnupur,Bishnupur,Bishnupur,301448,60,1,160873,124741,15834,137336,148213,65,16748,275871
413,MN,Manipur,MN_Chandel,Chandel,Chandel,72942,1000,8,34876,30025,8041,35914,28980,7,3168,68360
414,MN,Manipur,MN_Churachandpur,Churachandpur,Churachandpur,286350,2027,3,141882,122976,21492,136570,128236,52,24100,250028
415,MN,Manipur,MN_Imphal East,Imphal East,Imphal East,649958,0,0,324289,259762,65907,291700,292162,189,43959,585642
416,MN,Manipur,MN_Imphal West,Imphal West,Imphal West,759107,1900,5,386385,310063,62659,350359,345865,224,45256,691341
417,MN,Manipur,MN_Jiribam,Jiribam,Jiribam,58932,0,0,31271,25011,2650,30459,25804,19,1706,56685
418,MN,Manipur,MN_Kakching,Kakching,Kakching,197415,6400,3,103422,83029,10964,91860,94548,43,10900,182540
419,MN,Manipur,MN_Kamjong,Kamjong,Kamjong,28495,960,3,15234,11944,1317,15554,11617,7,1026,26971
420,MN,Manipur,MN_Kangpokpi,Kangpokpi,Kangpokpi,108522,5600,4,61482,42522,4518,53460,50518,26,10744,93098
421,MN,Manipur,MN_Noney,Noney,Noney,41965,1414,4,22342,16696,2927,23522,15511,5,2031,39411
422,MN,Manipur,MN_Pherzawl,Pherzawl,Pherzawl,36030,276,1,16659,16267,3104,16924,15998,4,2238,32550
423,MN,Manipur,MN_Senapati,Senapati,Senapati,74005,1799,6,38644,31249,4112,39851,30029,13,3483,69762
424,MN,Manipur,MN_Tamenglong,Tamenglong,Tamenglong,53781,400,4,28587,21240,3954,28564,21263,0,3585,48592
425,MN,Manipur,MN_Tengnoupal,Tengnoupal,Tengnoupal,59578,0,0,32438,23460,3680,31359,24536,3,2931,55209
426,MN,Manipur,MN_Thoubal,Thoubal,Thoubal,334222,0,0,176574,140449,17199,160155,156808,60,18118,306788
427,MN,Manipur,MN_Ukhrul,Ukhrul,Ukhrul,91734,580,2,49890,37381,4463,48092,39171,8,3847,87123
428,ML,Meghalaya,ML_East Garo Hills,East Garo Hills,East Garo Hills,123044,620,2,74033,47583,1428,63660,57948,8,6325,114010
429,ML,Meghalaya,ML_East Jaintia Hills,East Jaintia Hills,East Jaintia Hills,143084,252,1,77914,61018,4152,82731,56186,15,5009,135477
430,ML,Meghalaya,ML_East Khasi Hills,East Khasi Hills,East Khasi Hills,755357,13560,16,388654,329326,37377,360633,357260,87,36501,705066
431,ML,Meghalaya,ML_North Garo Hills,North Garo Hills,North Garo Hills,140794,0,0,83003,56174,1617,71966,67202,9,5974,132775
432,ML,Meghalaya,ML_Ribhoi,Ri-Bhoi,Ribhoi,224835,2290,3,130844,90232,3759,116515,104538,23,10470,211527
433,ML,Meghalaya,ML_South Garo Hills,South Garo Hills,South Garo Hills,95366,1140,3,57026,36309,2031,48889,44434,12,4384,89410
434,ML,Meghalaya,ML_South West Garo Hills,South West Garo Hills,South West Garo Hills,179932,0,0,103585,73218,3129,86780,89996,27,11859,163652
435,ML,Meghalaya,ML_South West Khasi Hills,South West Khasi Hills,South West Khasi Hills,69521,1200,1,40196,28792,533,35902,33075,11,2849,65691
436,ML,Meghalaya,ML_West Garo Hills,West Garo Hills,West Garo Hills,478469,2400,3,269223,197571,11675,234118,232590,86,26404,438057
437,ML,Meghalaya,ML_West Jaintia Hills,West Jaintia Hills,West Jaintia Hills,198933,2120,3,112758,83781,2394,93208,103308,23,10684,185767
438,ML,Meghalaya,ML_West Khasi Hills,West Khasi Hills,West Khasi Hills,175202,4220,4,101368,72060,1774,84289,89116,23,10592,161025
439,MZ,Mizoram,MZ_Aizawl,Aizawl East,Aizawl,446404,0,0,221243,196153,29008,208240,209114,41,26752,401310
440,MZ,Mizoram,MZ_Aizawl,Aizawl West,Aizawl,288861,4003,1,150442,121317,17102,129635,142092,32,17743,259553
441,MZ,Mizoram,MZ_Champhai,Champhai,Champhai,177830,1000,1,92726,75475,9629,82907,85244,50,12630,154388
442,MZ,Mizoram,MZ_Kolasib,Kolasib,Kolasib,117116,0,0,62182,50100,4834,55752,56504,26,7790,104147
443,MZ,Mizoram,MZ_Lawngtlai,Lawngtlai,Lawngtlai,161948,3900,3,91445,65465,5038,80835,76054,21,11771,143284
444,MZ,Mizoram,MZ_Lunglei,Lunglei,Lunglei,238931,0,0,118922,105201,14808,114509,109528,86,15651,212603
445,MZ,Mizoram,MZ_Mamit,Mamit,Mamit,108056,0,0,57873,44683,5500,52899,49632,25,7430,95136
446,MZ,Mizoram,MZ_Serchhip,Serchhip,Serchhip,102238,0,0,49334,44264,8640,48214,45361,23,5993,91732
447,MZ,Mizoram,MZ_Saiha,Siaha,Saiha,80532,0,0,45724,32167,2641,39206,38670,15,5691,70824
448,NL,Nagaland,NL_Dimapur,Dimapur,Dimapur,634202,1700,3,339204,274506,20492,333815,279755,140,36493,584945
449,NL,Nagaland,NL_Kiphire,Kiphire,Kiphire,44296,0,0,25391,17148,1757,24269,18265,5,3882,39120
450,NL,Nagaland,NL_Kohima,Kohima,Kohima,248001,0,0,129469,109253,9279,130134,108536,52,17962,222319
451,NL,Nagaland,NL_Longleng,Longleng,Longleng,46147,550,1,25260,19928,959,24659,20524,5,3205,41518
452,NL,Nagaland,NL_Mokokchung,Mokokchung,Mokokchung,166364,400,1,84611,75499,6254,83875,76215,20,10955,150347
453,NL,Nagaland,NL_Mon,Mon,Mon,168894,430,2,93343,72897,2654,88055,78163,22,13861,146745
454,NL,Nagaland,NL_Peren,Peren,Peren,51634,1600,1,28428,20922,2284,27951,21396,3,4122,46125
455,NL,Nagaland,NL_Phek,Phek,Phek,83168,0,0,46022,34626,2520,46248,34393,7,7983,73733
456,NL,Nagaland,NL_Tuensang,Tuensang,Tuensang,102219,0,0,54872,43824,3523,55556,43139,1,10039,86283
457,NL,Nagaland,NL_Wokha,Wokha,Wokha,80685,803,1,44925,34441,1319,42001,37353,12,5840,72048
458,NL,Nagaland,NL_Zunheboto,Zunheboto,Zunheboto,82831,1400,1,47837,33448,1546,43374,37910,1,4362,76381
459,OR,Odisha,OR_Angul,Angul,Angul,2121214,2590,7,999743,881777,239694,956583,924428,508,142263,1906272
460,OR,Odisha,OR_Balangir,Balangir,Balangir,2700879,55416,109,1353275,1147170,200434,1220150,1279853,441,180702,2402664
461,OR,Odisha,OR_Balasore,Balasore,Balasore,4126184,30760,99,1898841,1862259,365084,1824703,1935362,1031,685384,3288447
462,OR,Odisha,OR_Bargarh,Bargarh,Bargarh,2372119,23350,56,1190066,1033498,148555,1096395,1126599,568,141691,2149067
463,OR,Odisha,OR_Bhadrak,Bhadrak,Bhadrak,2894552,29753,54,1362309,1275488,256755,1265040,1371873,883,228960,2542773
464,OR,Odisha,OR_Boudh,Boudh,Boudh,687702,44285,13,345502,303297,38903,326654,322035,110,42846,622792
465,OR,Odisha,OR_Cuttack,Cuttack,Cuttack,4073706,18558,55,1937441,1758496,377769,1847637,1847393,905,373073,3575636
466,OR,Odisha,OR_Deogarh,Deogarh,Deogarh,617175,115154,52,290985,265188,61002,276998,279077,97,43026,549843
467,OR,Odisha,OR_Dhenkanal,Dhenkanal,Dhenkanal,2096018,36759,52,989374,897048,209596,944220,941805,397,130450,1888863
468,OR,Odisha,OR_Gajapati,Gajapati,Gajapati,939323,41159,27,445441,429624,64258,425438,449453,174,70831,830777
469,OR,Odisha,OR_Ganjam,Ganjam,Ganjam,6630891,65326,48,3014638,2912685,703568,2789213,3136695,1411,3847076,2519627
470,OR,Odisha,OR_Jagatsinghpur,Jagatsinghpur,Jagatsinghpur,2029384,11350,45,866197,872466,290721,854073,884123,467,102194,1864819
471,OR,Odisha,OR_Jajpur,Jajpur,Jajpur,3420896,5500,8,1582089,1552819,285988,1553932,1580025,949,189453,3129577
472,OR,Odisha,OR_Jharsuguda,Jharsuguda,Jharsuguda,1090456,13570,35,514749,474436,101271,526036,462889,260,58119,998065
473,OR,Odisha,OR_Kalahandi,Kalahandi,Kalahandi,2468272,27300,58,1225439,1078135,164698,1128491,1174716,364,148739,2233860
474,OR,Odisha,OR_Kandhamal,Kandhamal,Kandhamal,1299086,224000,14,623858,601619,73609,591296,633913,268,92093,1157613
475,OR,Odisha,OR_Kendrapara,Kendrapara,Kendrapara,2366700,8445,36,1147348,1010416,208936,1003752,1153352,659,130832,2147275
476,OR,Odisha,OR_Kendujhar,Kendujhar,Kendujhar,3031319,66010,41,1474046,1338706,218567,1380770,1431498,484,207209,2692262
477,OR,Odisha,OR_Khordha,Khurda,Khordha,5242385,37590,114,2431178,2251799,559408,2453547,2228128,1302,3424305,1685003
478,OR,Odisha,OR_Koraput,Koraput,Koraput,2778862,144711,67,1226026,1231602,321234,1203905,1252851,871,216703,2455643
479,OR,Odisha,OR_Malkangiri,Malkangiri,Malkangiri,1153425,79850,22,508143,509055,136227,500626,516375,193,78556,1030107
480,OR,Odisha,OR_Mayurbhanj,Mayurbhanj,Mayurbhanj,4242239,16985,37,2069663,1937799,234777,1902194,2104621,642,784419,3298161
481,OR,Odisha,OR_Nabarangapur,Nabarangpur,Nabarangapur,2031764,109480,84,994390,903039,134335,907825,989330,272,177346,1748294
482,OR,Odisha,OR_Nayagarh,Nayagarh,Nayagarh,1876046,71300,24,858100,823928,194018,836122,845642,264,131408,1662815
483,OR,Odisha,OR_Nuapada,Nuapada,Nuapada,1053302,35161,63,538835,431179,83288,471964,497904,146,71827,941645
484,OR,Odisha,OR_Puri,Puri,Puri,2782337,21090,60,1331182,1214300,236855,1252093,1292554,835,134300,2567547
485,OR,Odisha,OR_Rayagada,Rayagada,Rayagada,1472029,9696,20,739409,652613,80007,659178,732572,271,105103,1311166
486,OR,Odisha,OR_Sambalpur,Sambalpur,Sambalpur,2075006,37367,45,1014518,917682,142806,995186,936632,381,136992,1866034
487,OR,Odisha,OR_Subarnapur,Subarnapur,Subarnapur,1149010,4195,28,516864,525629,106517,516724,525555,212,76764,1027287
488,OR,Odisha,OR_Sundargarh,Sundargarh,Sundargarh,3279232,30436,71,1607080,1417838,254314,1516908,1507446,564,223955,2938128
489,PY,Puducherry,PY_Karaikal,Karaikal,Karaikal,282740,11600,16,145676,116602,20462,121977,140256,45,14844,260006
490,PY,Puducherry,PY_Mahe,Mahe,Mahe,75887,90,2,37862,35020,3005,32987,39889,6,3627,71334
491,PY,Puducherry,PY_Puducherry,Puducherry,Puducherry,1564962,118147,38,764458,616154,184350,669301,711000,311,72240,1455081
492,PY,Puducherry,PY_Yanam,Yanam,Yanam,71641,1280,16,38193,28928,4520,32552,34561,8,3460,65504
493,PB,Punjab,PB_Amritsar,Amritsar,Amritsar,3996652,245262,146,2087188,1793289,116175,2025733,1854217,527,587496,3323801
494,PB,Punjab,PB_Barnala,Barnala,Barnala,995643,0,0,503188,481029,11426,518855,465250,112,127624,845984
495,PB,Punjab,PB_Bathinda,Bathinda,Bathinda,2079389,24670,27,1211164,831634,36591,1101736,940732,329,354211,1664540
496,PB,Punjab,PB_Faridkot,Faridkot,Faridkot,1083215,76900,58,525231,507995,49989,540120,492950,158,151412,904106
497,PB,Punjab,PB_Fatehgarh Sahib,Fatehgarh Sahib,Fatehgarh Sahib,1007658,14940,10,517458,476654,13546,561521,432436,155,196246,791567
498,PB,Punjab,PB_Fazilka,Fazilka,Fazilka,1589327,17848,20,860877,699137,29313,814428,745363,223,277599,1268684
499,PB,Punjab,PB_Ferozepur,Ferozpur,Ferozepur,1483120,32870,30,833371,616652,33097,767715,682037,270,143474,1309847
500,PB,Punjab,PB_Gurdaspur,Gurdaspur,Gurdaspur,3020013,129109,137,1443614,1462779,113620,1465965,1439904,523,428588,2507173
501,PB,Punjab,PB_Hoshiarpur,Hoshiarpur,Hoshiarpur,2613303,89735,127,1270499,1210769,132035,1249462,1231488,318,492329,2056593
502,PB,Punjab,PB_Jalandhar,Jalandhar,Jalandhar,4003943,42705,77,1951168,1874110,178665,2041942,1782826,511,483565,3390824
503,PB,Punjab,PB_Kapurthala,Kapurthala,Kapurthala,1387838,72570,43,708889,630857,48092,694729,644821,197,220083,1141654
504,PB,Punjab,PB_Ludhiana,Ludhiana,Ludhiana,6128007,96890,125,3378454,2577550,172003,3474278,2480764,960,985224,5018142
505,PB,Punjab,PB_Mansa,Mansa,Mansa,1346938,32910,16,663479,665721,17738,694541,634524,135,176352,1138203
506,PB,Punjab,PB_Moga,Moga,Moga,1598297,80103,70,810425,741739,46133,817153,734811,201,188249,1373496
507,PB,Punjab,PB_Pathankot,Pathankot,Pathankot,1209124,239000,21,602974,536835,69315,580675,558950,185,163276,1014621
508,PB,Punjab,PB_Patiala,Patiala,Patiala,2835932,39360,52,1518423,1228363,89146,1437771,1308600,413,451413,2310034
509,PB,Punjab,PB_Rupnagar,Rup Nagar,Rupnagar,1173820,18461,37,569140,564398,40282,593934,539467,137,218404,920070
510,PB,Punjab,PB_Sangrur,Sangrur,Sangrur,2418116,38400,13,1299892,1066312,51912,1239605,1126309,290,415025,1960114
511,PB,Punjab,PB_S.A.S. Nagar,SAS Nagar,S.A.S. Nagar,2101119,8630,17,1157492,880063,63564,1163606,873654,295,487292,1565506
512,PB,Punjab,PB_Shahid Bhagat Singh Nagar,SBS Nagar,Shahid Bhagat Singh Nagar,1038457,12860,11,532027,471745,34685,506718,496951,103,135399,879970
513,PB,Punjab,PB_Sri Muktsar Sahib,Sri Muktsar Sahib,Sri Muktsar Sahib,1301550,9360,36,689211,590415,21924,665318,614145,164,252338,1018293
514,PB,Punjab,PB_Tarn Taran,Tarn Taran,Tarn Taran,1852576,107500,89,950316,856107,46153,930029,876173,221,307047,1500054
515,RJ,Rajasthan,RJ_Ajmer,Ajmer,Ajmer,4380479,70470,87,2165915,2020853,193711,2130838,2055081,842,1060884,3164353
516,RJ,Rajasthan,RJ_Alwar,Alwar,Alwar,6821486,342337,685,3179182,3082043,560261,3329742,2930012,1470,1096918,5391867
517,RJ,Rajasthan,RJ_Banswara,Banswara,Banswara,2821755,71490,12,1420496,1273495,127764,1339580,1353928,479,353794,2338558
518,RJ,Rajasthan,RJ_Baran,Baran,Baran,2060719,14070,59,1024896,957274,78549,1016749,965051,368,198814,1799963
519,RJ,Rajasthan,RJ_Barmer,Barmer,Barmer,3809855,46050,45,1991355,1670875,147625,1879984,1781341,901,506896,3164797
520,RJ,Rajasthan,RJ_Bharatpur,Bharatpur,Bharatpur,3607180,63029,96,1943475,1556995,106710,1816139,1683737,592,314013,3199978
521,RJ,Rajasthan,RJ_Bhilwara,Bhilwara,Bhilwara,3889314,40902,94,1972030,1783337,133947,1893467,1860909,986,435998,3347595
522,RJ,Rajasthan,RJ_Bikaner,Bikaner,Bikaner,3830185,44945,226,1893404,1762517,174264,1924891,1730225,803,771142,2933281
523,RJ,Rajasthan,RJ_Bundi,Bundi,Bundi,2105244,22894,65,993494,1002069,109681,1037132,958029,398,394023,1639620
524,RJ,Rajasthan,RJ_Chittorgarh,Chittorgarh,Chittorgarh,2665918,32230,65,1300950,1256451,108517,1300758,1256249,391,258697,2316722
525,RJ,Rajasthan,RJ_Churu,Churu,Churu,3276392,6208,53,1665168,1499501,111723,1569557,1594451,651,390980,2792930
526,RJ,Rajasthan,RJ_Dausa,Dausa,Dausa,2661868,20336,47,1389334,1178047,94487,1339075,1227858,446,379570,2214574
527,RJ,Rajasthan,RJ_Dholpur,Dholpur,Dholpur,1813611,46444,84,914066,824207,75338,895681,842335,254,203172,1541054
528,RJ,Rajasthan,RJ_Dungarpur,Dungarpur,Dungarpur,2162785,24850,41,1099665,985450,77670,1000127,1084662,313,220000,1859339
529,RJ,Rajasthan,RJ_Hanumangarh,Hanumangarh,Hanumangarh,3074317,6400,9,1502952,1412208,159157,1504450,1410127,585,501426,2464116
530,RJ,Rajasthan,RJ_Jaipur,Jaipur I,Jaipur,6778817,114810,114,3610326,2818368,350123,3445488,2981188,2011,1916284,4715898
531,RJ,Rajasthan,RJ_Jaipur,Jaipur II,Jaipur,4364973,95455,90,2303923,1850344,210706,2233281,1919698,1284,1314302,2962548
532,RJ,Rajasthan,RJ_Jaisalmer,Jaisalmer,Jaisalmer,1013168,22002,17,525941,441560,45667,527516,439837,148,129937,852262
533,RJ,Rajasthan,RJ_Jalore,Jalore,Jalore,2920658,128811,115,1382546,1310056,228056,1332774,1359271,549,286583,2487280
534,RJ,Rajasthan,RJ_Jhalawar,Jhalawar,Jhalawar,2336665,151500,75,1221578,1026919,88168,1176118,1071956,421,298173,1952680
535,RJ,Rajasthan,RJ_Jhunjhunu,Jhunjhunu,Jhunjhunu,3743733,587364,101,1771561,1704838,267334,1704532,1771105,752,764958,2849169
536,RJ,Rajasthan,RJ_Jodhpur,Jodhpur,Jodhpur,5636165,952490,334,2964181,2394512,277472,2779171,2578084,1427,1110863,4383024
537,RJ,Rajasthan,RJ_Karauli,Karauli,Karauli,2430802,179650,133,1237014,1093150,100638,1228509,1101324,330,205795,2147080
538,RJ,Rajasthan,RJ_Kota,Kota,Kota,3341739,38300,106,1682739,1511043,147957,1696487,1496565,728,594348,2669833
539,RJ,Rajasthan,RJ_Nagaur,Nagaur,Nagaur,5290009,52145,80,2658722,2415216,216071,2514907,2557911,1103,832694,4293507
540,RJ,Rajasthan,RJ_Pali,Pali,Pali,3057431,90032,49,1591951,1343093,122387,1451727,1482726,586,315662,2652035
541,RJ,Rajasthan,RJ_Pratapgarh,Pratapgarh,Pratapgarh,1529996,326000,42,755501,731129,43366,748651,737753,225,145019,1330624
542,RJ,Rajasthan,RJ_Rajsamand,Rajsamand,Rajsamand,1746428,3110,8,919063,769460,57905,823194,865018,307,203425,1493952
543,RJ,Rajasthan,RJ_Sawai Madhopur,Sawai Madhopur,Sawai Madhopur,2180277,146663,98,1155759,957447,67071,1129410,983505,290,316304,1811031
544,RJ,Rajasthan,RJ_Sikar,Sikar,Sikar,4470559,21061,60,2305108,1964944,200507,2125395,2143378,1273,860678,3479947
545,RJ,Rajasthan,RJ_Sirohi,Sirohi,Sirohi,1727287,6340,26,860450,802144,64693,856366,805962,265,208939,1440435
546,RJ,Rajasthan,RJ_Ganganagar,Sri Ganganagar,Ganganagar,3186908,33693,175,1624008,1430779,132121,1582970,1471210,604,421937,2650036
547,RJ,Rajasthan,RJ_Tonk,Tonk,Tonk,2238106,125858,74,1101059,999652,137395,1063770,1036553,388,404815,1745177
548,RJ,Rajasthan,RJ_Udaipur,Udaipur,Udaipur,5226967,88309,86,2648145,2409978,168844,2556676,2500694,748,862619,4235512
549,SK,Sikkim,SK_East Sikkim,East Sikkim,East Sikkim,647147,1900,2,295782,282463,68902,317231,260838,175,33815,595063
550,SK,Sikkim,SK_North Sikkim,North Sikkim,North Sikkim,77834,200,1,37345,32995,7494,39114,31199,27,4811,70540
551,SK,Sikkim,SK_South Sikkim,South Sikkim,South Sikkim,296196,2049,4,138013,126865,31318,141814,122946,117,17664,269087
552,SK,Sikkim,SK_West Sikkim,West Sikkim,West Sikkim,268255,472,1,119412,108811,40032,120239,107885,98,17925,241202
553,TN,Tamil Nadu,TN_Pudukkottai,Aranthangi,Pudukkottai,1247747,25710,25,625295,586083,36369,568364,642841,173,135291,1083843
554,TN,Tamil Nadu,TN_Ariyalur,Ariyalur,Ariyalur,1490662,2110,9,700395,707013,83254,677618,729493,297,169544,1276867
555,TN,Tamil Nadu,TN_Salem,Attur,Salem,1721604,8900,7,870024,805404,46176,805431,869690,304,273140,1400088
556,TN,Tamil Nadu,TN_Chengalpattu,Chengalpet,Chengalpattu,3516337,52054,38,1846262,1511158,158917,1697753,1659019,648,622368,2790653
557,TN,Tamil Nadu,TN_Chennai,Chennai,Chennai,11072163,107103,105,5731565,4826007,514591,5727867,4827708,1995,3079222,7774933
558,TN,Tamil Nadu,TN_Tiruvannamalai,Cheyyar,Tiruvannamalai,1775545,35200,36,839594,842615,93336,793274,888610,325,284853,1436961
559,TN,Tamil Nadu,TN_Coimbatore,Coimbatore,Coimbatore,6245662,33237,39,3233637,2795052,216973,3144130,2883294,1262,1078643,4986380
560,TN,Tamil Nadu,TN_Cuddalore,Cuddalore,Cuddalore,4995159,280020,35,2411474,2343574,240111,2290174,2463975,891,741531,4161657
561,TN,Tamil Nadu,TN_Dharmapuri,Dharmapuri,Dharmapuri,2337505,14520,54,1197543,1058382,81580,1090754,1164651,518,521175,1733721
562,TN,Tamil Nadu,TN_Dindigul,Dindigul,Dindigul,2232719,14180,18,1119361,1033349,80009,1026665,1125626,414,274104,1890269
563,TN,Tamil Nadu,TN_Erode,Erode,Erode,3542346,23550,30,1800862,1621838,119646,1687548,1734425,726,634456,2809703
564,TN,Tamil Nadu,TN_Kallakurichi,Kallakurichi,Kallakurichi,2571140,3280,15,1218177,1274661,78302,1200165,1292230,443,342616,2157601
565,TN,Tamil Nadu,TN_Kancheepuram,Kanchipuram,Kancheepuram,1702190,37250,30,908897,728998,64295,897785,739790,319,195871,1467964
566,TN,Tamil Nadu,TN_Kanyakumari,Kanyakumari,Kanyakumari,2678021,13400,15,1390258,1165657,122106,1188579,1366951,385,314546,2283961
567,TN,Tamil Nadu,TN_Karur,Karur,Karur,1903026,196120,56,909204,892299,101523,871044,930044,415,214479,1637988
568,TN,Tamil Nadu,TN_Thoothukkudi,Kovilpatti,Thoothukkudi,927997,10100,13,489655,406935,31407,403457,492970,163,129769,767189
569,TN,Tamil Nadu,TN_Krishnagiri,Krishnagiri,Krishnagiri,3043748,168730,67,1502469,1404934,136345,1503209,1403582,609,438853,2514982
570,TN,Tamil Nadu,TN_Madurai,Madurai,Madurai,4529382,89500,52,2265685,2076647,187050,2042582,2299013,737,704647,3679263
571,TN,Tamil Nadu,TN_Nagapattinam,Nagapattinam,Nagapattinam,2634055,125300,43,1310432,1206699,116924,1199066,1317477,588,354378,2208400
572,TN,Tamil Nadu,TN_Namakkal,Namakkal,Namakkal,2470202,86460,25,1319425,1084355,66422,1155574,1247631,574,319934,2074653
573,TN,Tamil Nadu,TN_Nilgiris,Nilgiris,Nilgiris,1305937,67809,28,593212,590206,122519,576119,607074,224,210741,1057274
574,TN,Tamil Nadu,TN_Dindigul,Palani,Dindigul,1692058,30550,34,808164,799902,83992,773331,834470,265,242493,1397737
575,TN,Tamil Nadu,TN_Ramanathapuram,Paramakudi,Ramanathapuram,1143819,3510,17,549229,545218,49372,495373,598903,171,130331,981994
576,TN,Tamil Nadu,TN_Perambalur,Perambalur,Perambalur,941112,3310,30,448971,442804,49337,413313,478318,144,128199,782060
577,TN,Tamil Nadu,TN_Thiruvallur,Poonamallee,Thiruvallur,1057941,8520,28,532873,467243,57825,524292,475662,163,162321,863775
578,TN,Tamil Nadu,TN_Pudukkottai,Pudukkottai,Pudukkottai,1641242,33000,9,784025,788502,68715,721379,850876,272,282817,1315237
579,TN,Tamil Nadu,TN_Ramanathapuram,Ramanathapuram,Ramanathapuram,1225703,16200,31,597883,594765,33055,547076,645323,249,171376,1027869
580,TN,Tamil Nadu,TN_Ranipet,Ranipet,Ranipet,1726344,60351,54,933430,751521,41393,814803,869754,394,437948,1249877
581,TN,Tamil Nadu,TN_Salem,Salem,Salem,4053011,111591,46,2015557,1875063,162391,1937207,1952424,984,859111,3082241
582,TN,Tamil Nadu,TN_Sivaganga,Sivaganga,Sivaganga,2289551,59550,15,1135974,1079582,73995,1024791,1190393,371,454172,1768279
583,TN,Tamil Nadu,TN_Virudhunagar,Sivakasi,Virudhunagar,2308497,23790,32,1140914,1043222,124361,1006223,1177366,547,267713,1971399
584,TN,Tamil Nadu,TN_Tenkasi,Tenkasi,Tenkasi,2617165,2470,10,1246947,1165364,204854,1118638,1293186,484,487499,2053801
585,TN,Tamil Nadu,TN_Thanjavur,Thanjavur,Thanjavur,4012977,343522,43,2009300,1930755,72922,1821743,2117260,1053,559087,3378643
586,TN,Tamil Nadu,TN_Theni,Theni,Theni,1780217,18500,13,867567,842817,69833,798693,911335,353,270263,1461687
587,TN,Tamil Nadu,TN_Thoothukkudi,Thoothukudi (Tuticorin),Thoothukkudi,2058594,13924,27,1023939,905493,129162,978044,951073,315,192764,1809146
588,TN,Tamil Nadu,TN_Tiruchirappalli,Tiruchirappalli,Tiruchirappalli,4559282,151470,34,2367426,2024470,167386,2075473,2315570,852,636868,3790886
589,TN,Tamil Nadu,TN_Tirunelveli,Tirunelveli,Tirunelveli,2591395,39100,41,1295199,1218505,77691,1176466,1336857,381,319155,2207539
590,TN,Tamil Nadu,TN_Tirupathur,Tirupattur,Tirupathur,1659965,2650,10,853913,766201,39851,754451,865295,368,168801,1439956
591,TN,Tamil Nadu,TN_Tiruppur,Tiruppur,Tiruppur,3994551,67960,45,2143340,1694994,156217,1986154,1851498,682,617460,3258934
592,TN,Tamil Nadu,TN_Thiruvallur,Tiruvallur,Thiruvallur,2808022,34960,30,1437267,1270490,100265,1402024,1305039,694,415846,2305308
593,TN,Tamil Nadu,TN_Tiruvannamalai,Tiruvannamalai,Tiruvannamalai,2896063,172472,45,1314615,1463024,118424,1370542,1406514,583,560671,2264352
594,TN,Tamil Nadu,TN_Thiruvarur,Tiruvarur,Thiruvarur,1960526,24560,26,1011312,886792,62422,874050,1023690,364,318907,1592284
595,TN,Tamil Nadu,TN_Vellore,Vellore,Vellore,2928027,58820,41,1383266,1451109,93652,1351860,1481948,568,718847,2146454
596,TN,Tamil Nadu,TN_Viluppuram,Viluppuram,Viluppuram,3846088,3910,7,1890021,1883702,72365,1803927,1968796,1000,446276,3325009
597,TN,Tamil Nadu,TN_Virudhunagar,Virudhunagar,Virudhunagar,1237843,38100,14,587937,540084,109822,521057,606625,338,193907,1012353
598,TG,Telangana,TG_Adilabad,Adilabad,Adilabad,1294415,87000,29,616277,615940,62198,602458,629449,310,122068,1124270
599,TG,Telangana,TG_Bhadradri Kothagudem,Bhadradri Kothagudem,Bhadradri Kothagudem,1947959,2118100,250,940767,931610,75582,914389,957591,397,269063,1612024
600,TG,Telangana,TG_Hyderabad,Hyderabad,Hyderabad,7560531,141020,125,3947341,3290446,322744,3961624,3274887,1272,1838683,5540688
601,TG,Telangana,TG_Jagtial,Jagtial,Jagtial,1817597,108280,29,852952,867294,97351,784420,935513,313,191466,1581154
602,TG,Telangana,TG_Jangaon,Jangaon,Jangaon,1085595,66630,33,469296,486934,129365,463604,492475,150,170527,881545
603,TG,Telangana,TG_Jayashankar Bhupalapally,Jayashankar Bhupalpally,Jayashankar Bhupalapally,803375,0,0,374772,369747,58856,363461,380949,109,126130,649969
604,TG,Telangana,TG_Jogulamba Gadwal,Jogulamba Gadwal,Jogulamba Gadwal,1140373,2190,9,515990,527780,96603,509081,534433,254,96243,1002439
605,TG,Telangana,TG_Kamareddy,Kamareddy,Kamareddy,1767391,183740,138,809932,797381,160078,749521,857516,276,261470,1465100
606,TG,Telangana,TG_Karimnagar,Karimnagar,Karimnagar,1971726,7980,44,924933,923653,123140,916073,932178,332,290095,1618295
607,TG,Telangana,TG_Khammam,Khammam,Khammam,2518276,7930,33,1220117,1221392,76767,1194389,1246665,454,372203,2054571
608,TG,Telangana,TG_Komaram Bheem,Kumuram Bheem,Komaram Bheem,829563,35800,23,429432,376084,24047,397852,407483,181,196065,604607
609,TG,Telangana,TG_Mahabubabad,Mahabubabad,Mahabubabad,1382460,41500,20,649773,648623,84064,625810,672228,358,205738,1134856
610,TG,Telangana,TG_Mahabubnagar,Mahabubnagar,Mahabubnagar,1735481,97490,29,805235,815881,114365,803248,817602,264,180951,1491776
611,TG,Telangana,TG_Mancherial,Mancherial,Mancherial,1307699,49235,24,627308,602858,77533,607545,622311,310,115419,1154121
612,TG,Telangana,TG_Medak,Medak,Medak,1349825,121700,34,655287,645902,48636,629369,671533,287,218422,1088771
613,TG,Telangana,TG_Medchal Malkajgiri,Medchal,Medchal Malkajgiri,5909771,117033,51,2864667,2788772,256332,3042929,2609245,1263,1462597,4268560
614,TG,Telangana,TG_Mulugu,Mulugu,Mulugu,572345,1300,2,245692,240319,86334,234816,251105,90,107202,451679
615,TG,Telangana,TG_Nagarkurnool,Nagarkurnool,Nagarkurnool,1554910,4060,17,723912,722185,108813,703874,741912,312,160114,1339418
616,TG,Telangana,TG_Nalgonda,Nalgonda,Nalgonda,2899116,6290,40,1396304,1433106,69706,1388620,1440296,491,294151,2511407
617,TG,Telangana,TG_Narayanpet,Narayanpet,Narayanpet,1035011,125616,11,484195,484866,65950,458072,510829,159,119804,877864
618,TG,Telangana,TG_Nirmal,Nirmal,Nirmal,1308691,166000,42,629434,624427,54830,595634,658037,189,124038,1143925
619,TG,Telangana,TG_Nizamabad,Nizamabad,Nizamabad,2640385,183239,153,1255401,1227689,157295,1141891,1340848,351,322530,2245108
620,TG,Telangana,TG_Peddapalli,Peddapalli,Peddapalli,1450278,50950,31,685677,675317,89284,676223,684569,202,169851,1235225
621,TG,Telangana,TG_Rajanna Sircilla,Rajanna Sircilla,Rajanna Sircilla,1059899,35440,18,479757,474221,105921,446416,507358,204,142695,884122
622,TG,Telangana,TG_Ranga Reddy,Rangareddy,Ranga Reddy,6048517,648548,198,3057537,2690157,300823,3164351,2582286,1057,1419184,4451931
623,TG,Telangana,TG_Sangareddy,Sangareddy,Sangareddy,3285041,53480,48,1422145,1492366,370530,1504681,1409307,523,533720,2646343
624,TG,Telangana,TG_Siddipet,Siddipet,Siddipet,1928789,144460,71,847724,844548,236517,823057,868879,334,273359,1595145
625,TG,Telangana,TG_Suryapet,Suryapet,Suryapet,2106014,5590,34,919324,943368,243322,908793,953023,876,267345,1767426
626,TG,Telangana,TG_Vikarabad,Vikarabad,Vikarabad,1610720,10720,38,786048,776077,48595,757083,804775,264,109697,1467899
627,TG,Telangana,TG_Wanaparthy,Wanaparthy,Wanaparthy,1061180,2094,12,489142,494006,78032,478260,504714,174,133981,889243
628,TG,Telangana,TG_Warangal Rural,Warangal(Rural),Warangal Rural,1240701,42150,41,598062,590857,51782,568152,620484,283,122566,1077114
629,TG,Telangana,TG_Warangal Urban,Warangal(Urban),Warangal Urban,2074715,116960,87,1008221,973389,93105,970846,1010296,468,310979,1695147
630,TG,Telangana,TG_Yadadri Bhuvanagiri,Yadadri Bhuvanagiri,Yadadri Bhuvanagiri,1320541,31440,44,616474,612899,91168,611228,617864,280,250879,1030223
631,TR,Tripura,TR_Dhalai,Dhalai,Dhalai,563591,13500,44,293617,248057,21917,284274,257330,70,31825,512089
632,TR,Tripura,TR_Gomati,Gomati,Gomati,668079,23710,33,335053,303924,29102,328493,310408,75,38927,607020
633,TR,Tripura,TR_Khowai,Khowai,Khowai,448898,4790,19,232338,194052,22508,215537,210794,59,28202,407088
634,TR,Tripura,TR_North Tripura,North Tripura,North Tripura,663015,55760,54,335745,297116,30154,318495,314234,132,42692,595111
635,TR,Tripura,TR_Sipahijala,Sepahijala,Sipahijala,727242,59712,116,381084,317737,28421,353225,345486,109,43772,659090
636,TR,Tripura,TR_South Tripura,South Tripura,South Tripura,682628,20786,29,349406,300876,32346,326524,323667,90,42812,615395
637,TR,Tripura,TR_Unokoti,Unakoti,Unokoti,387201,14150,15,206250,165809,15142,183928,188086,45,27237,345977
638,TR,Tripura,TR_West Tripura,West Tripura,West Tripura,1542778,187053,115,775311,669282,98185,722896,721458,239,196458,1304771
639,UP,Uttar Pradesh,UP_Agra,Agra,Agra,7625388,632771,247,3898216,3474347,252825,3818209,3550555,3796,1502724,5827285
640,UP,Uttar Pradesh,UP_Aligarh,Aligarh,Aligarh,6375465,214929,221,3123597,2949086,302782,3137321,2933947,1413,1593095,4529287
641,UP,Uttar Pradesh,UP_Ambedkar Nagar,Ambedkar Nagar,Ambedkar Nagar,4307707,124800,80,2089059,2034956,183692,2035108,2086253,2645,808218,3292449
642,UP,Uttar Pradesh,UP_Amethi,Amethi,Amethi,3435609,104551,86,1627373,1616740,191496,1599879,1643443,788,1104504,2150951
643,UP,Uttar Pradesh,UP_Amroha,Amroha,Amroha,3053877,263700,47,1484062,1450998,118817,1533447,1400505,1101,500088,2415474
644,UP,Uttar Pradesh,UP_Auraiya,Auraiya,Auraiya,2417177,48840,51,1156465,1129316,131396,1191356,1093756,667,338138,1968937
645,UP,Uttar Pradesh,UP_Ayodhya,Ayodhya,Ayodhya,4592487,100136,371,2173334,2156678,262475,2081957,2244962,3091,823970,3560318
646,UP,Uttar Pradesh,UP_Azamgarh,Azamgarh,Azamgarh,8860596,666537,136,4276977,4168032,415587,4147152,4293909,3937,1721620,6757562
647,UP,Uttar Pradesh,UP_Budaun,Badaun,Budaun,5722915,71050,102,2773363,2662835,286717,2937201,2497778,1217,936144,4506868
648,UP,Uttar Pradesh,UP_Baghpat,Baghpat,Baghpat,2259345,71871,48,1097388,1055919,106038,1128940,1023731,634,416470,1723180
649,UP,Uttar Pradesh,UP_Bahraich,Bahraich,Bahraich,6233814,68530,87,3010757,2977110,245947,3048248,2938389,1225,1086653,4856089
650,UP,Uttar Pradesh,UP_Balrampur,Balarampur,Balrampur,4103782,85919,100,1939779,1903034,260969,1975193,1867017,601,852909,3063452
651,UP,Uttar Pradesh,UP_Ballia,Ballia,Ballia,5997980,210274,239,2847977,2873591,276412,2790134,2927711,3717,1023115,4680722
652,UP,Uttar Pradesh,UP_Banda,Banda,Banda,3224377,349158,54,1538619,1526115,159643,1626711,1437198,825,750928,2325315
653,UP,Uttar Pradesh,UP_Barabanki,Barabanki,Barabanki,5528029,98795,195,2668798,2601591,257640,2675796,2591629,2961,829191,4413732
654,UP,Uttar Pradesh,UP_Bareilly,Bareilly,Bareilly,8040622,462235,325,3864648,3766591,409383,4033356,3595545,2335,1444453,6232644
655,UP,Uttar Pradesh,UP_Basti,Basti,Basti,4427429,188470,214,2200954,2013818,212657,2079469,2134282,1018,815355,3418243
656,UP,Uttar Pradesh,UP_Bhadohi,Bhadohi,Bhadohi,2853387,111853,96,1377048,1313502,162837,1328714,1360362,1470,461078,2259589
657,UP,Uttar Pradesh,UP_Bijnor,Bijnour,Bijnor,6247502,160582,88,3099259,2877632,270611,3044046,2930676,2164,1451602,4494379
658,UP,Uttar Pradesh,UP_Bulandshahr,Bulandshahr,Bulandshahr,6052628,465420,117,3039531,2750142,262955,3023929,2764412,1329,999878,4784697
659,UP,Uttar Pradesh,UP_Chandauli,Chandauli,Chandauli,3394890,310446,86,1670236,1591351,133303,1632571,1628296,717,488252,2747201
660,UP,Uttar Pradesh,UP_Chitrakoot,Chitrakoot,Chitrakoot,1762795,103233,126,837499,818440,106856,875913,779732,293,497377,1180041
661,UP,Uttar Pradesh,UP_Deoria,Deoria,Deoria,5719582,294694,238,2687781,2665019,366782,2539835,2808111,4852,1043940,4405045
662,UP,Uttar Pradesh,UP_Etah,Etah,Etah,3076127,45777,86,1459978,1478381,137768,1527438,1410195,725,500483,2432075
663,UP,Uttar Pradesh,UP_Etawah,Etawah,Etawah,3074027,73172,119,1452698,1445318,176011,1558064,1339240,706,421477,2521392
664,UP,Uttar Pradesh,UP_Farrukhabad,Farrukhabad,Farrukhabad,3220305,102970,57,1610280,1463183,146842,1618651,1453830,980,460619,2611300
665,UP,Uttar Pradesh,UP_Fatehpur,Fatehpur,Fatehpur,4641965,364265,180,2222493,2182362,237110,2220851,2183204,796,1431685,2991108
666,UP,Uttar Pradesh,UP_Firozabad,Firozabad,Firozabad,4495780,444136,125,2241128,2082938,171714,2283244,2039751,1063,1441102,2846961
667,UP,Uttar Pradesh,UP_Gautam Buddha Nagar,Gautam Buddha Nagar,Gautam Buddha Nagar,4480785,40788,40,2325998,1840753,314034,2463108,1701055,2585,701088,3658407
668,UP,Uttar Pradesh,UP_Ghaziabad,Ghaziabad,Ghaziabad,7224425,623583,290,3429798,3379193,415434,3720036,3085851,3101,1444525,5442862
669,UP,Uttar Pradesh,UP_Ghazipur,Ghazipur,Ghazipur,6905861,191053,54,3293779,3255514,356568,3355153,3189344,4785,1601815,5004333
670,UP,Uttar Pradesh,UP_Gonda,Gonda,Gonda,5923356,127351,52,2903383,2777690,242283,2828517,2850748,1802,1318714,4328167
671,UP,Uttar Pradesh,UP_Gorakhpur,Gorakhpur,Gorakhpur,8317418,283033,131,4076320,3884990,356108,3919678,4037416,4212,1745457,6237174
672,UP,Uttar Pradesh,UP_Hamirpur,Hamirpur,Hamirpur,1914672,21400,33,954898,874555,85219,985942,843153,356,330656,1500279
673,UP,Uttar Pradesh,UP_Hapur,Hapur,Hapur,2381433,24892,44,1165895,1082897,132641,1183264,1064931,600,337056,1934407
674,UP,Uttar Pradesh,UP_Hardoi,Hardoi,Hardoi,6909275,316200,76,3388837,3265326,255112,3493710,3159261,1181,1258878,5314472
675,UP,Uttar Pradesh,UP_Hathras,Hathras,Hathras,2738551,170590,132,1349905,1250973,137673,1335678,1264542,659,958482,1638753
676,UP,Uttar Pradesh,UP_Jalaun,Jalaun,Jalaun,2917710,70839,86,1456324,1306378,155008,1456753,1305266,682,413509,2390516
677,UP,Uttar Pradesh,UP_Jaunpur,Jaunpur,Jaunpur,8481564,601047,108,4106798,3940780,433986,3808294,4233797,5472,1658236,6451205
678,UP,Uttar Pradesh,UP_Jhansi,Jhansi,Jhansi,3587086,150222,32,1772938,1635941,178207,1767588,1640252,1036,674442,2763573
679,UP,Uttar Pradesh,UP_Kannauj,Kannauj,Kannauj,2977229,557000,60,1500275,1296556,180398,1518995,1277136,697,418809,2429177
680,UP,Uttar Pradesh,UP_Kanpur Dehat,Kanpur Dehat,Kanpur Dehat,3259791,65397,105,1590118,1506793,162880,1629250,1466594,1062,530885,2587677
681,UP,Uttar Pradesh,UP_Kanpur Nagar,Kanpur Nagar,Kanpur Nagar,8179491,23940,162,4136930,3637969,404592,4037100,3735126,2670,1050149,6763991
682,UP,Uttar Pradesh,UP_Kasganj,Kasganj,Kasganj,2397945,58945,33,1227882,1078990,91073,1206038,1100392,442,423736,1853665
683,UP,Uttar Pradesh,UP_Kaushambi,Kaushambi,Kaushambi,2907658,66800,92,1406820,1351971,148867,1400597,1357733,458,503860,2266838
684,UP,Uttar Pradesh,UP_Kushinagar,Kushinagar,Kushinagar,6271987,318369,75,3037382,2984120,250485,2912285,3103932,5283,1629471,4386027
685,UP,Uttar Pradesh,UP_Lakhimpur Kheri,Lakhimpur Kheri,Lakhimpur Kheri,6935582,826679,107,3374304,3201260,360018,3488509,3083034,4018,1462129,5125743
686,UP,Uttar Pradesh,UP_Lalitpur,Lalitpur,Lalitpur,2129426,231476,83,1047925,965796,115705,1057349,955431,940,402252,1644188
687,UP,Uttar Pradesh,UP_Lucknow,Lucknow,Lucknow,8890299,187574,77,4533002,3912249,445048,4462567,3978957,3722,1778328,6829132
688,UP,Uttar Pradesh,UP_Maharajganj,Maharajganj,Maharajganj,4431078,186512,95,2219837,2030234,181007,2052134,2195903,2020,1251408,2978564
689,UP,Uttar Pradesh,UP_Mahoba,Mahoba,Mahoba,1547526,200022,142,761655,676825,109046,753557,684075,848,221862,1254628
690,UP,Uttar Pradesh,UP_Mainpuri,Mainpuri,Mainpuri,3576922,170409,114,1688884,1670011,218027,1805830,1552094,971,618342,2772908
691,UP,Uttar Pradesh,UP_Mathura,Mathura,Mathura,4402961,231992,86,2247858,2005635,149468,2277029,1975231,1230,1094681,3112981
692,UP,Uttar Pradesh,UP_Mau,Mau,Mau,4065093,227360,80,1971529,1839074,254490,1914502,1893679,2421,559314,3329450
693,UP,Uttar Pradesh,UP_Meerut,Meerut,Meerut,6086743,2989235,105,3010282,2706659,369802,2988121,2727168,1650,1455190,4342085
694,UP,Uttar Pradesh,UP_Mirzapur,Mirzapur,Mirzapur,4485301,144520,50,2219957,2065111,200233,2166130,2117864,1075,1002451,3268411
695,UP,Uttar Pradesh,UP_Moradabad,Moradabad,Moradabad,5369520,148292,138,2698298,2481058,190164,2684948,2492603,1804,981391,4189463
696,UP,Uttar Pradesh,UP_Muzaffarnagar,Muzaffarnagar,Muzaffarnagar,5072049,116248,117,2409272,2340536,322241,2523514,2225094,1197,679479,4151804
697,UP,Uttar Pradesh,UP_Pilibhit,Pilibhit,Pilibhit,3739265,87506,35,1782360,1730652,226253,1847734,1664258,1020,809745,2767310
698,UP,Uttar Pradesh,UP_Pratapgarh,Pratapgarh,Pratapgarh,5896539,1443660,127,2814686,2794384,287469,2749784,2857303,1980,1064181,4556665
699,UP,Uttar Pradesh,UP_Prayagraj,Prayagraj,Prayagraj,10746123,1313182,183,5287900,4963438,494785,5098466,5149044,3826,1741345,8523413
700,UP,Uttar Pradesh,UP_Rae Bareli,Raebareli,Rae Bareli,5289212,64039,118,2467390,2411554,410268,2380162,2497775,1005,1089397,3946944
701,UP,Uttar Pradesh,UP_Rampur,Rampur,Rampur,4106361,111006,69,1974988,1972064,159309,2023972,1921822,1252,608738,3315363
702,UP,Uttar Pradesh,UP_Saharanpur,Saharanpur,Saharanpur,6241330,714802,94,2954640,2968725,317965,3072480,2849086,1793,795532,5164160
703,UP,Uttar Pradesh,UP_Sambhal,Sambhal,Sambhal,3765786,207957,96,1913996,1713423,138367,1957735,1669155,527,713454,2877674
704,UP,Uttar Pradesh,UP_Sant Kabir Nagar,Sant Kabir Nagar,Sant Kabir Nagar,3083479,90183,96,1516117,1409664,157698,1421963,1501761,2054,461025,2479280
705,UP,Uttar Pradesh,UP_Shahjahanpur,Shahjahanpur,Shahjahanpur,6063462,69914,228,2895079,2814296,354087,3092781,2615254,1335,1202232,4559252
706,UP,Uttar Pradesh,UP_Shamli,Shamli,Shamli,2333107,35200,21,1133696,1092625,106786,1171287,1054117,915,471968,1744579
707,UP,Uttar Pradesh,UP_Shrawasti,Shravasti,Shrawasti,1963000,128336,113,975524,904202,83274,977531,901907,286,404387,1465260
708,UP,Uttar Pradesh,UP_Siddharthnagar,Siddharthnagar,Siddharthnagar,4234989,390282,165,2177346,1887812,169831,2009908,2054421,825,840339,3242371
709,UP,Uttar Pradesh,UP_Sitapur,Sitapur,Sitapur,7808424,261250,105,3779708,3705605,323111,3880445,3602692,2171,1530419,5877437
710,UP,Uttar Pradesh,UP_Sonbhadra,Sonbhadra,Sonbhadra,3207426,154496,27,1597213,1414277,195936,1531311,1479359,815,871614,2204421
711,UP,Uttar Pradesh,UP_Sultanpur,Sultanpur,Sultanpur,4724834,25777,158,2200959,2245390,278485,2162588,2281735,2020,836273,3676116
712,UP,Uttar Pradesh,UP_Unnao,Unnao,Unnao,5436897,310936,113,2720236,2365756,350905,2577370,2507478,1142,927496,4272540
713,UP,Uttar Pradesh,UP_Varanasi,Varanasi,Varanasi,7261931,480564,77,3518329,3309599,434003,3569983,3254627,3308,1191884,5762831
714,UT,Uttarakhand,UT_Almora,Almora,Almora,937197,7630,27,450418,413420,73359,391398,472149,289,154625,747609
715,UT,Uttarakhand,UT_Bageshwar,Bageshwar,Bageshwar,463657,7090,8,215864,199958,47835,195036,220644,142,55182,389579
716,UT,Uttarakhand,UT_Chamoli,Chamoli,Chamoli,718034,9290,64,320856,317257,79921,316059,321727,327,88660,594554
717,UT,Uttarakhand,UT_Champawat,Champawat,Champawat,465112,4110,15,219587,206961,38564,208294,218087,165,58150,387177
718,UT,Uttarakhand,UT_Dehradun,Dehradun,Dehradun,3870463,113874,84,1825231,1693541,351691,1839542,1677677,1552,646710,3102255
719,UT,Uttarakhand,UT_Haridwar,Haridwar,Haridwar,3650290,21734,27,1747592,1629800,272898,1850261,1526104,1025,346714,3187634
720,UT,Uttarakhand,UT_Nainital,Nainital,Nainital,1888111,28952,44,890928,847699,149484,887503,850215,908,270708,1546371
721,UT,Uttarakhand,UT_Pauri Garhwal,Pauri Garhwal,Pauri Garhwal,1141804,27590,38,526878,503652,111274,492520,537571,439,126880,974373
722,UT,Uttarakhand,UT_Pithoragarh,Pithoragarh,Pithoragarh,799651,125200,40,381100,366557,51994,363129,384187,341,114731,655117
723,UT,Uttarakhand,UT_Rudraprayag,Rudraprayag,Rudraprayag,426856,6166,24,201379,184247,41230,178751,206731,144,45582,364457
724,UT,Uttarakhand,UT_Tehri Garhwal,Tehri Garhwal,Tehri Garhwal,1012879,13500,24,468165,435346,109368,419935,483029,547,108442,857934
725,UT,Uttarakhand,UT_Udham Singh Nagar,Udham Singh Nagar,Udham Singh Nagar,3336281,60582,31,1565666,1586807,183808,1677946,1473401,1123,421820,2797475
726,UT,Uttarakhand,UT_Uttarkashi,Uttarkashi,Uttarkashi,609163,12508,18,277687,264282,67194,275112,266698,159,63046,519269
727,WB,West Bengal,WB_Alipurduar,Alipurduar District,Alipurduar,2506890,34050,60,1219142,1117536,170212,1126363,1209971,341,418278,2004528
728,WB,West Bengal,WB_Bankura,Bankura,Bankura,4177532,15801,41,2033536,1834427,309569,1888203,1979074,678,663145,3368266
729,WB,West Bengal,WB_North 24 Parganas,Basirhat HD (North 24 Parganas),North 24 Parganas,3665314,33769,71,1741762,1601399,322153,1639146,1703407,606,499683,3050099
730,WB,West Bengal,WB_Birbhum,Birbhum,Birbhum,3350492,95889,109,1634958,1414290,301244,1493020,1555785,441,530762,2717701
731,WB,West Bengal,WB_Bankura,Bishnupur HD (Bankura),Bankura,1834323,19386,16,901281,798955,134087,838944,861037,255,249827,1523156
732,WB,West Bengal,WB_Cooch Behar,COOCHBEHAR,Cooch Behar,4567055,20981,25,2261312,1983264,322479,2055273,2188753,545,639179,3769866
734,WB,West Bengal,WB_Dakshin Dinajpur,Dakshin Dinajpur,Dakshin Dinajpur,2790641,61940,79,1287550,1226576,276515,1222227,1291334,563,420599,2285622
735,WB,West Bengal,WB_Darjeeling,Darjeeling,Darjeeling,3321929,12845,41,1583630,1453954,284345,1507243,1529573,762,520241,2701642
736,WB,West Bengal,WB_South 24 Parganas,Diamond Harbor HD (S 24 Parganas),South 24 Parganas,5068022,158168,198,2417184,2134455,516383,2186455,2364502,682,741851,4156840
737,WB,West Bengal,WB_Purba Bardhaman,East Bardhaman,Purba Bardhaman,7889039,134554,146,3908229,3429510,551300,3499006,3837616,1113,1027623,6618823
738,WB,West Bengal,WB_Hooghly,Hoogly,Hooghly,9485600,61366,106,4263592,4289321,932687,4108969,4442584,1348,1127513,8107312
739,WB,West Bengal,WB_Howrah,Howrah,Howrah,7816947,89546,144,3684355,3418554,714038,3521139,3580446,1321,1049631,6527638
740,WB,West Bengal,WB_Jalpaiguri,Jalpaiguri,Jalpaiguri,3533206,21332,32,1752557,1523138,257511,1560163,1714999,530,569972,2853005
741,WB,West Bengal,WB_Jhargram,Jhargram,Jhargram,1829898,15765,19,915059,794404,120435,831051,877841,570,230193,1534783
742,WB,West Bengal,WB_Kalimpong,Kalimpong,Kalimpong,438483,4993,9,210618,195403,32462,206983,198972,66,67145,356444
743,WB,West Bengal,WB_Kolkata,Kolkata,Kolkata,10875548,157578,275,5331455,4413910,1130183,5334444,4408892,2024,1706665,8964090
744,WB,West Bengal,WB_Malda,Malda,Malda,5505748,82537,143,2919894,2296803,289051,2447115,2767692,1887,955680,4375982
745,WB,West Bengal,WB_Murshidabad,Murshidabad,Murshidabad,11165796,76545,206,5586032,4890600,689164,4871193,5603906,1529,1553570,9231574
746,WB,West Bengal,WB_Nadia,Nadia,Nadia,8216424,14322,47,4054261,3554445,607718,3640492,3966789,1419,1030034,6925740
747,WB,West Bengal,WB_Purba Medinipur,Nandigram HD (East Medinipore),Purba Medinipur,3612437,26049,121,1574073,1536736,501628,1515193,1595245,369,633632,2855727
748,WB,West Bengal,WB_North 24 Parganas,North 24 Parganas,North 24 Parganas,12997510,89276,167,6158356,5563221,1275933,5850571,5868460,2538,1571077,11092987
749,WB,West Bengal,WB_Paschim Medinipur,Paschim Medinipore,Paschim Medinipur,8249342,429368,190,3837359,3635014,776969,3596816,3874549,982,965331,7019937
750,WB,West Bengal,WB_Purba Medinipur,Purba Medinipore,Purba Medinipur,5785853,14585,44,2601262,2524642,659949,2461159,2663816,918,786132,4798268
751,WB,West Bengal,WB_Purulia,Purulia,Purulia,4616090,50893,68,2246355,2133758,235977,2153344,2225809,959,671118,3780515
752,WB,West Bengal,WB_Birbhum,Rampurhat HD (Birbhum),Birbhum,2117723,14000,7,1090419,900213,127091,949061,1041039,531,313233,1728063
753,WB,West Bengal,WB_South 24 Parganas,South 24 Parganas,South 24 Parganas,7798537,49508,66,3792182,3562776,443579,3596480,3757292,1181,807676,6767845
754,WB,West Bengal,WB_Uttar Dinajpur,Uttar Dinajpur,Uttar Dinajpur,4541617,74627,109,2155343,2069844,316430,2013521,2210912,752,786951,3598906
755,WB,West Bengal,WB_Paschim Bardhaman,West Bardhaman,Paschim Bardhaman,4583856,28355,77,2242072,1980639,361145,2148717,2072734,1259,602818,3859458