Vaccinated As of,State,First Dose Administered,Second Dose Administered,Total Doses Administered,Precautionary Dose Administered
24/08/2022,Andaman and Nicobar Islands,346429,350644,913730,216657
24/08/2022,Andhra Pradesh,44677379,47540683,104677826,12459764
24/08/2022,Arunachal Pradesh,954257,805936,1845458,85265
24/08/2022,Assam,24716891,21934166,49573374,2922317
24/08/2022,Bihar,72817416,65691124,149281766,10773226
24/08/2022,Chandigarh,1183621,981018,2258491,93852
24/08/2022,Chhattisgarh,21154542,19916811,46328612,5257259
24/08/2022,Delhi,18226708,15520785,36342501,2595008
24/08/2022,Goa,1438297,1291241,2853013,123475
24/08/2022,Gujarat,54328184,53786091,122008188,13893913
24/08/2022,Haryana,23640391,19738318,45079413,1700704
24/08/2022,Himachal Pradesh,6621342,6274674,14566657,1670641
24/08/2022,Jammu and Kashmir,11360167,11709816,24175439,1105456
24/08/2022,Jharkhand,23761746,17215422,42118799,1141631
24/08/2022,Karnataka,55098018,54989746,118304567,8216803
24/08/2022,Kerala,29116419,25160906,57163098,2885773
24/08/2022,Ladakh,237873,202286,544424,104265
24/08/2022,Lakshadweep,61661,59925,133409,11823
24/08/2022,Madhya Pradesh,60604754,58837236,128292396,8850406
24/08/2022,Maharashtra,91450062,76052519,175492077,7989496
24/08/2022,Manipur,1626786,1300204,3164577,237587
24/08/2022,Meghalaya,1438860,1076584,2587423,71979
24/08/2022,Mizoram,890309,735884,1727250,101057
24/08/2022,Nagaland,919740,737039,1710866,54087
24/08/2022,Odisha,35112076,32558583,74667759,6997100
24/08/2022,Puducherry,987096,802824,2021337,231417
24/08/2022,Punjab,24093691,20791467,46364393,1479235
24/08/2022,Rajasthan,56802571,50307041,112513160,5403548
24/08/2022,Sikkim,590688,551528,1301005,158789
24/08/2022,Tamil Nadu,60751530,55779266,122157748,5626952
24/08/2022,Telangana,32355354,31227533,68020344,4437457
24/08/2022,Tripura,2909578,2499074,5698276,289624
24/08/2022,Uttar Pradesh,176556256,167198821,365131610,21376533
24/08/2022,Uttarakhand,9094174,8654191,19401958,1653593
24/08/2022,West Bengal,73418643,66330762,152977621,13228216
24/08/2022,Miscellaneous,2242990,1578968,5290112,1468154
24/08/2022,Dadra and Nagar Haveli and Daman and Diu,780523,630449,1545670,134698
24/08/2022,Total,1022367022,940819565,2108234347,145047760
25/08/2022,Andaman and Nicobar Islands,346529,350834,919851,222488
25/08/2022,Andhra Pradesh,44677769,47540994,104773213,12554450
25/08/2022,Arunachal Pradesh,954700,806609,1848190,86881
25/08/2022,Assam,24721713,21940877,49605532,2942942
25/08/2022,Bihar,72871958,65893759,150012568,11246851
25/08/2022,Chandigarh,1183674,981163,2259587,94750
25/08/2022,Chhattisgarh,21159047,19933511,46431199,5338641
25/08/2022,Delhi,18229059,15526443,36377702,2622200
25/08/2022,Goa,1438361,1291398,2853970,124211
25/08/2022,Gujarat,54330727,53795438,122391778,14265613
25/08/2022,Haryana,23641672,19742572,45098971,1714727
25/08/2022,Himachal Pradesh,6621983,6276030,14603083,1705070
25/08/2022,Jammu and Kashmir,11360320,11712424,24201623,1128879
25/08/2022,Jharkhand,23764945,17224241,42146821,1157635
25/08/2022,Karnataka,55099684,54997680,118354017,8256653
25/08/2022,Kerala,29116766,25162404,57175294,2896124
25/08/2022,Ladakh,237890,202308,544991,104793
25/08/2022,Lakshadweep,61666,59937,133901,12298
25/08/2022,Madhya Pradesh,60605476,58840851,128326859,8880532
25/08/2022,Maharashtra,91461058,76078565,175598339,8058716
25/08/2022,Manipur,1627260,1301028,3166930,238642
25/08/2022,Meghalaya,1439044,1076929,2588397,72424
25/08/2022,Mizoram,890514,736433,1729001,102054
25/08/2022,Nagaland,919840,737188,1711506,54478
25/08/2022,Odisha,35115012,32569065,74775163,7091086
25/08/2022,Puducherry,987301,804663,2029145,237181
25/08/2022,Punjab,24096405,20798880,46392751,1497466
25/08/2022,Rajasthan,56807791,50320765,112582378,5453822
25/08/2022,Sikkim,590742,551643,1303239,160854
25/08/2022,Tamil Nadu,60767870,55812575,122244074,5663629
25/08/2022,Telangana,32359769,31236036,68222321,4626516
25/08/2022,Tripura,2909906,2500105,5703699,293688
25/08/2022,Uttar Pradesh,176569385,167253236,365911357,22088736
25/08/2022,Uttarakhand,9094983,8655676,19424887,1674228
25/08/2022,West Bengal,73421938,66344103,153115150,13349109
25/08/2022,Miscellaneous,2242990,1578968,5290112,1468154
25/08/2022,Dadra and Nagar Haveli and Daman and Diu,780555,630518,1547040,135967
25/08/2022,Total,1022506302,941265849,2111394639,147622488
26/08/2022,Andaman and Nicobar Islands,346603,351001,923937,226333
26/08/2022,Andhra Pradesh,44679060,47541760,104997290,12776470
26/08/2022,Arunachal Pradesh,955115,807624,1850798,88059
26/08/2022,Assam,24726495,21947305,49636114,2962314
26/08/2022,Bihar,72891195,65945871,150197016,11359950
26/08/2022,Chandigarh,1183705,981284,2260626,95637
26/08/2022,Chhattisgarh,21161657,19943883,46490884,5385344
26/08/2022,Delhi,18231105,15531718,36408901,2646078
26/08/2022,Goa,1438420,1291479,2854604,124705
26/08/2022,Gujarat,54333286,53802224,122744469,14608959
26/08/2022,Haryana,23642849,19746919,45119140,1729372
26/08/2022,Himachal Pradesh,6622716,6277702,14636422,1736004
26/08/2022,Jammu and Kashmir,11360520,11714929,24222559,1147110
26/08/2022,Jharkhand,23769478,17233275,42179242,1176489
26/08/2022,Karnataka,55101041,55004208,118415839,8310590
26/08/2022,Kerala,29117080,25163575,57184798,2904143
26/08/2022,Ladakh,237906,202341,545331,105084
26/08/2022,Lakshadweep,61668,59941,134504,12895
26/08/2022,Madhya Pradesh,60606146,58844032,128358828,8908650
26/08/2022,Maharashtra,91466743,76090872,175664340,8106725
26/08/2022,Manipur,1627883,1301772,3170009,240354
26/08/2022,Meghalaya,1439158,1077181,2589296,72957
26/08/2022,Mizoram,890601,736633,1731062,103828
26/08/2022,Nagaland,919965,737403,1712356,54988
26/08/2022,Odisha,35118818,32582525,74937175,7235832
26/08/2022,Puducherry,987749,806829,2038355,243777
26/08/2022,Punjab,24099544,20807444,46425572,1518584
26/08/2022,Rajasthan,56814769,50341339,112676354,5520246
26/08/2022,Sikkim,590771,551728,1304862,162363
26/08/2022,Tamil Nadu,60783682,55843583,122325024,5697759
26/08/2022,Telangana,32362913,31246432,68481286,4871941
26/08/2022,Tripura,2910248,2501062,5707785,296475
26/08/2022,Uttar Pradesh,176580982,167297707,366464769,22586080
26/08/2022,Uttarakhand,9095755,8657326,19448196,1695115
26/08/2022,West Bengal,73427425,66361667,153304193,13515101
26/08/2022,Miscellaneous,2242990,1578968,5290112,1468154
26/08/2022,Dadra and Nagar Haveli and Daman and Diu,780606,630661,1549396,138129
26/08/2022,Total,1022606647,941542203,2113981444,149832594
27/08/2022,Andaman and Nicobar Islands,346661,351124,927924,230139
27/08/2022,Andhra Pradesh,44679635,47542032,105111019,12889352
27/08/2022,Arunachal Pradesh,955252,807858,1852086,88976
27/08/2022,Assam,24728677,21950426,49656637,2977534
27/08/2022,Bihar,72914665,66023271,150445750,11507814
27/08/2022,Chandigarh,1183758,981460,2261762,96544
27/08/2022,Chhattisgarh,21165106,19959700,46598566,5473760
27/08/2022,Delhi,18234734,15538924,36452167,2678509
27/08/2022,Goa,1438450,1291526,2855250,125274
27/08/2022,Gujarat,54334940,53807846,122993887,14851101
27/08/2022,Haryana,23644027,19750032,45133838,1739779
27/08/2022,Himachal Pradesh,6623185,6278827,14662807,1760795
27/08/2022,Jammu and Kashmir,11360742,11717596,24243539,1165201
27/08/2022,Jharkhand,23772459,17240224,42205394,1192711
27/08/2022,Karnataka,55101942,55006930,118444679,8335807
27/08/2022,Kerala,29118242,25167824,57197997,2911931
27/08/2022,Ladakh,237913,202354,545752,105485
27/08/2022,Lakshadweep,61668,59963,135004,13373
27/08/2022,Madhya Pradesh,60621763,58848852,128454188,8983573
27/08/2022,Maharashtra,91473128,76109327,175748475,8166020
27/08/2022,Manipur,1628171,1302224,3171830,241435
27/08/2022,Meghalaya,1439228,1077277,2589794,73289
27/08/2022,Mizoram,890604,736650,1731217,103963
27/08/2022,Nagaland,920039,737420,1712490,55031
27/08/2022,Odisha,35122928,32595084,75110280,7392268
27/08/2022,Puducherry,988255,808861,2047650,250534
27/08/2022,Punjab,24102474,20814850,46452941,1535617
27/08/2022,Rajasthan,56822800,50364522,112830977,5643655
27/08/2022,Sikkim,590787,551767,1305054,162500
27/08/2022,Tamil Nadu,60798874,55868742,122399390,5731774
27/08/2022,Telangana,32365827,31255243,68734717,5113647
27/08/2022,Tripura,2910564,2501970,5713691,301157
27/08/2022,Uttar Pradesh,176591290,167343926,367212932,23277716
27/08/2022,Uttarakhand,9096568,8658673,19467911,1712670
27/08/2022,West Bengal,73430105,66371634,153386551,13584812
27/08/2022,Miscellaneous,2242990,1578968,5290112,1468154
27/08/2022,Dadra and Nagar Haveli and Daman and Diu,780656,630804,1551150,139690
27/08/2022,Total,1022719107,941834711,2116635408,152081590
28/08/2022,Andaman and Nicobar Islands,346693,351237,931283,233353
28/08/2022,Andhra Pradesh,44679652,47542053,105129268,12907563
28/08/2022,Arunachal Pradesh,955255,807874,1852143,89014
28/08/2022,Assam,24728796,21950579,49657590,2978215
28/08/2022,Bihar,72918509,66043968,150495822,11533345
28/08/2022,Chandigarh,1183784,981535,2262124,96805
28/08/2022,Chhattisgarh,21166494,19964081,46624035,5493460
28/08/2022,Delhi,18236696,15543366,36485226,2705164
28/08/2022,Goa,1438453,1291534,2855361,125374
28/08/2022,Gujarat,54335239,53808265,123029680,14886176
28/08/2022,Haryana,23644170,19750414,45135757,1741173
28/08/2022,Himachal Pradesh,6623233,6278946,14665717,1763538
28/08/2022,Jammu and Kashmir,11360760,11718280,24249401,1170361
28/08/2022,Jharkhand,23773169,17243206,42216230,1199855
28/08/2022,Karnataka,55102055,55007236,118450732,8341441
28/08/2022,Kerala,29118254,25167866,57198341,2912221
28/08/2022,Ladakh,237914,202354,545795,105527
28/08/2022,Lakshadweep,61668,59963,135055,13424
28/08/2022,Madhya Pradesh,60621849,58848913,128455111,8984349
28/08/2022,Maharashtra,91473603,76111708,175761496,8176185
28/08/2022,Manipur,1628326,1302416,3172691,241949
28/08/2022,Meghalaya,1439229,1077277,2589795,73289
28/08/2022,Mizoram,890604,736650,1731217,103963
28/08/2022,Nagaland,920120,737560,1713235,55555
28/08/2022,Odisha,35125458,32602924,75231785,7503403
28/08/2022,Puducherry,988375,810125,2053060,254560
28/08/2022,Punjab,24102639,20815667,46455018,1536712
28/08/2022,Rajasthan,56823500,50369011,112845026,5652515
28/08/2022,Sikkim,590787,551767,1305054,162500
28/08/2022,Tamil Nadu,60803643,55874320,122417612,5739649
28/08/2022,Telangana,32366144,31256277,68816472,5194051
28/08/2022,Tripura,2910569,2502185,5714000,301246
28/08/2022,Uttar Pradesh,176616515,167432416,369213365,25164434
28/08/2022,Uttarakhand,9096694,8658897,19470559,1714968
28/08/2022,West Bengal,73430356,66374807,153399091,13593928
28/08/2022,Miscellaneous,2242990,1578968,5290439,1468481
28/08/2022,Dadra and Nagar Haveli and Daman and Diu,780656,630805,1551152,139691
28/08/2022,Total,1022762851,941985450,2119105738,154357437
29/08/2022,Andaman and Nicobar Islands,346751,351374,936466,238341
29/08/2022,Andhra Pradesh,44680822,47542817,105553984,13330345
29/08/2022,Arunachal Pradesh,955610,808387,1854494,90497
29/08/2022,Assam,24729333,21951827,49670255,2989095
29/08/2022,Bihar,72933553,66099846,150674670,11641271
29/08/2022,Chandigarh,1183807,981639,2262760,97314
29/08/2022,Chhattisgarh,21169007,19972759,46683374,5541608
29/08/2022,Delhi,18238542,15548156,36515749,2729051
29/08/2022,Goa,1438490,1291659,2856099,125950
29/08/2022,Gujarat,54337137,53814334,123273930,15122459
29/08/2022,Haryana,23646192,19754843,45152650,1751615
29/08/2022,Himachal Pradesh,6623711,6280004,14691525,1787810
29/08/2022,Jammu and Kashmir,11360939,11722647,24273624,1190038
29/08/2022,Jharkhand,23776271,17250125,42239878,1213482
29/08/2022,Karnataka,55103167,55011197,118492315,8377951
29/08/2022,Kerala,29118529,25169296,57205507,2917682
29/08/2022,Ladakh,237938,202401,546493,106154
29/08/2022,Lakshadweep,61671,59963,135407,13773
29/08/2022,Madhya Pradesh,60628803,58857514,128571051,9084734
29/08/2022,Maharashtra,91482663,76132060,175847721,8232998
29/08/2022,Manipur,1629474,1303659,3176561,243428
29/08/2022,Meghalaya,1439418,1077600,2590839,73821
29/08/2022,Mizoram,890694,736835,1732182,104653
29/08/2022,Nagaland,920192,737703,1713816,55921
29/08/2022,Odisha,35129755,32616716,75424523,7678052
29/08/2022,Puducherry,988659,812035,2061828,261134
29/08/2022,Punjab,24104233,20821104,46475088,1549751
29/08/2022,Rajasthan,56830871,50392332,112978046,5754843
29/08/2022,Sikkim,590804,551806,1305889,163279
29/08/2022,Tamil Nadu,60814274,55891913,122467572,5761385
29/08/2022,Telangana,32368928,31264548,69065796,5432320
29/08/2022,Tripura,2910939,2503062,5722958,308957
29/08/2022,Uttar Pradesh,176625708,167465951,369672057,25580398
29/08/2022,Uttarakhand,9097266,8660415,19493879,1736198
29/08/2022,West Bengal,73436394,66389423,153579702,13753885
29/08/2022,Miscellaneous,2242990,1578968,5290439,1468481
29/08/2022,Dadra and Nagar Haveli and Daman and Diu,780752,630957,1552835,141126
29/08/2022,Total,1022854287,942237875,2121741962,156649800
30/08/2022,Andaman and Nicobar Islands,346822,351542,944376,246012
30/08/2022,Andhra Pradesh,44681590,47543661,105799235,13573984
30/08/2022,Arunachal Pradesh,955706,808706,1855611,91199
30/08/2022,Assam,24731813,21955483,49692384,3005088
30/08/2022,Bihar,72939857,66126674,150760617,11694086
30/08/2022,Chandigarh,1183822,981722,2263352,97808
30/08/2022,Chhattisgarh,21170052,19974837,46699450,5554561
30/08/2022,Delhi,18240375,15552780,36543764,2750609
30/08/2022,Goa,1438515,1291704,2856406,126187
30/08/2022,Gujarat,54338941,53819075,123496671,15338655
30/08/2022,Haryana,23646794,19757271,45161780,1757715
30/08/2022,Himachal Pradesh,6624128,6281069,14714799,1809602
30/08/2022,Jammu and Kashmir,11361021,11727053,24297863,1209789
30/08/2022,Jharkhand,23777878,17255867,42259910,1226165
30/08/2022,Karnataka,55103788,55014517,118524046,8405741
30/08/2022,Kerala,29118809,25170386,57214693,2925498
30/08/2022,Ladakh,237951,202449,547500,107100
30/08/2022,Lakshadweep,61671,59963,135711,14077
30/08/2022,Madhya Pradesh,60631224,58864006,128631781,9136551
30/08/2022,Maharashtra,91489188,76146828,175913222,8277206
30/08/2022,Manipur,1630427,1304675,3179470,244368
30/08/2022,Meghalaya,1439529,1077815,2591616,74272
30/08/2022,Mizoram,890754,736986,1733130,105390
30/08/2022,Nagaland,920373,737786,1714289,56130
30/08/2022,Odisha,35133424,32629951,75610873,7847498
30/08/2022,Puducherry,988907,813924,2070358,267527
30/08/2022,Punjab,24105616,20826650,46495648,1563382
30/08/2022,Rajasthan,56837671,50413086,113095396,5844639
30/08/2022,Sikkim,590804,551808,1306059,163447
30/08/2022,Tamil Nadu,60822860,55907122,122513478,5783496
30/08/2022,Telangana,32370869,31272347,69290883,5647667
30/08/2022,Tripura,2911205,2504493,5735560,319862
30/08/2022,Uttar Pradesh,176635416,167506794,370221083,26078873
30/08/2022,Uttarakhand,9097966,8662913,19516558,1755679
30/08/2022,West Bengal,73440321,66403443,153760324,13916560
30/08/2022,Miscellaneous,2242990,1578968,5290439,1468481
30/08/2022,Dadra and Nagar Haveli and Daman and Diu,780775,631023,1554481,142683
30/08/2022,Total,1022919852,942445377,2123992816,158627587
31/08/2022,Andaman and Nicobar Islands,346892,351712,949425,250821
31/08/2022,Andhra Pradesh,44681624,47543691,105813681,13588366
31/08/2022,Arunachal Pradesh,955895,808999,1856849,91955
31/08/2022,Assam,24733591,21958861,49709353,3016901
31/08/2022,Bihar,72950336,66157862,150879426,11771228
31/08/2022,Chandigarh,1183843,981825,2264056,98388
31/08/2022,Chhattisgarh,21170978,19978764,46730047,5580305
31/08/2022,Delhi,18242370,15557309,36572306,2772627
31/08/2022,Goa,1438515,1291704,2856406,126187
31/08/2022,Gujarat,54339047,53819869,123518460,15359544
31/08/2022,Haryana,23647418,19759835,45172410,1765157
31/08/2022,Himachal Pradesh,6624525,6282077,14734741,1828139
31/08/2022,Jammu and Kashmir,11361400,11730429,24316797,1224968
31/08/2022,Jharkhand,23779070,17260604,42275637,1235963
31/08/2022,Karnataka,55103855,55014814,118527874,8409205
31/08/2022,Kerala,29118871,25170567,57215827,2926389
31/08/2022,Ladakh,237970,202483,548062,107609
31/08/2022,Lakshadweep,61671,59964,135781,14146
31/08/2022,Madhya Pradesh,60637909,58868692,128672359,9165758
31/08/2022,Maharashtra,91489623,76148619,175920540,8282298
31/08/2022,Manipur,1631425,1305830,3183081,245826
31/08/2022,Meghalaya,1439718,1078088,2592503,74697
31/08/2022,Mizoram,890811,737174,1734496,106511
31/08/2022,Nagaland,920405,737859,1714682,56418
31/08/2022,Odisha,35134898,32635496,75685389,7914995
31/08/2022,Puducherry,988941,814257,2072057,268859
31/08/2022,Punjab,24106858,20831800,46513725,1575067
31/08/2022,Rajasthan,56842930,50431062,113200539,5926547
31/08/2022,Sikkim,590834,551946,1307187,164407
31/08/2022,Tamil Nadu,60828800,55910924,122528203,5788479
31/08/2022,Telangana,32371136,31273652,69349493,5704705
31/08/2022,Tripura,2911501,2505168,5746758,330089
31/08/2022,Uttar Pradesh,176644333,167539794,370658621,26474494
31/08/2022,Uttarakhand,9098429,8664231,19533680,1771020
31/08/2022,West Bengal,73443146,66417056,153947383,14087181
31/08/2022,Miscellaneous,2242999,1578980,5290805,1468826
31/08/2022,Dadra and Nagar Haveli and Daman and Diu,780786,631033,1554620,142801
31/08/2022,Total,1022973353,942593030,2125283259,159716876
01/09/2022,Andaman and Nicobar Islands,346926,351768,951207,252513
01/09/2022,Andhra Pradesh,44682187,47544320,105956774,13730267
01/09/2022,Arunachal Pradesh,956004,809263,1857689,92422
01/09/2022,Assam,24735916,21962339,49727899,3029644
01/09/2022,Bihar,72992722,66320206,151494199,12181271
01/09/2022,Chandigarh,1183864,981943,2264799,98992
01/09/2022,Chhattisgarh,21172937,19985441,46774948,5616570
01/09/2022,Delhi,18244038,15561577,36600332,2794717
01/09/2022,Goa,1438515,1291704,2856406,126187
01/09/2022,Gujarat,54340922,53825921,123711995,15545152
01/09/2022,Haryana,23648917,19763188,45185000,1772895
01/09/2022,Himachal Pradesh,6624856,6282818,14754675,1847001
01/09/2022,Jammu and Kashmir,11361703,11732775,24330807,1236329
01/09/2022,Jharkhand,23781190,17267105,42298525,1250230
01/09/2022,Karnataka,55105090,55017526,118561929,8439313
01/09/2022,Kerala,29119128,25171542,57219935,2929265
01/09/2022,Ladakh,237975,202506,548605,108124
01/09/2022,Lakshadweep,61671,59967,136046,14408
01/09/2022,Madhya Pradesh,60647808,58877203,128737852,9212841
01/09/2022,Maharashtra,91494293,76161569,175986379,8330517
01/09/2022,Manipur,1632667,1306862,3186129,246600
01/09/2022,Meghalaya,1440021,1078360,2593293,74912
01/09/2022,Mizoram,891001,737651,1736497,107845
01/09/2022,Nagaland,920466,737938,1715034,56630
01/09/2022,Odisha,35136877,32643138,75800812,8020797
01/09/2022,Puducherry,989072,815642,2078143,273429
01/09/2022,Punjab,24108273,20836480,46531811,1587058
01/09/2022,Rajasthan,56846019,50441259,113267495,5980217
01/09/2022,Sikkim,590898,552007,1309448,166543
01/09/2022,Tamil Nadu,60836044,55922781,122563371,5804546
01/09/2022,Telangana,32373080,31279995,69538373,5885298
01/09/2022,Tripura,2911822,2506395,5761664,343447
01/09/2022,Uttar Pradesh,176652429,167570017,370982397,26759951
01/09/2022,Uttarakhand,9099165,8665732,19549451,1784554
01/09/2022,West Bengal,73446125,66428790,154107157,14232242
01/09/2022,Miscellaneous,2243008,1578989,5291211,1469214
01/09/2022,Dadra and Nagar Haveli and Daman and Diu,780830,631076,1555134,143228
01/09/2022,Total,1023074459,942903793,2127523421,161545169
02/09/2022,Andaman and Nicobar Islands,346965,351821,952775,253989
02/09/2022,Andhra Pradesh,44683196,47545152,106249556,14021208
02/09/2022,Arunachal Pradesh,956090,809436,1858432,92906
02/09/2022,Assam,24738492,21966355,49748623,3043776
02/09/2022,Bihar,73007469,66356389,151642333,12278475
02/09/2022,Chandigarh,1183885,982026,2265522,99611
02/09/2022,Chhattisgarh,21175097,19993506,46821523,5652920
02/09/2022,Delhi,18245400,15565306,36624423,2813717
02/09/2022,Goa,1438540,1291770,2856778,126468
02/09/2022,Gujarat,54343337,53831015,123899398,15725046
02/09/2022,Haryana,23649764,19765374,45196262,1781124
02/09/2022,Himachal Pradesh,6625157,6283527,14772784,1864100
02/09/2022,Jammu and Kashmir,11362586,11734522,24346393,1249285
02/09/2022,Jharkhand,23783959,17276127,42325491,1265405
02/09/2022,Karnataka,55105858,55022819,118618472,8489795
02/09/2022,Kerala,29119278,25172295,57223835,2932262
02/09/2022,Ladakh,237981,202535,549247,108731
02/09/2022,Lakshadweep,61671,59967,136343,14705
02/09/2022,Madhya Pradesh,60652014,58881238,128772950,9239698
02/09/2022,Maharashtra,91500265,76177544,176061105,8383296
02/09/2022,Manipur,1633552,1307841,3189808,248415
02/09/2022,Meghalaya,1440216,1078612,2594050,75222
02/09/2022,Mizoram,891182,738149,1738673,109342
02/09/2022,Nagaland,920528,738079,1715481,56874
02/09/2022,Odisha,35139373,32651227,75914767,8124167
02/09/2022,Puducherry,989319,817415,2086152,279418
02/09/2022,Punjab,24109763,20842737,46552442,1599942
02/09/2022,Rajasthan,56849748,50453601,113333073,6029724
02/09/2022,Sikkim,590949,552150,1312680,169581
02/09/2022,Tamil Nadu,60844003,55933840,122600150,5822307
02/09/2022,Telangana,32374989,31289182,69853494,6189323
02/09/2022,Tripura,2911999,2507348,5774511,355164
02/09/2022,Uttar Pradesh,176670983,167635959,371854092,27547150
02/09/2022,Uttarakhand,9099882,8667080,19567411,1800449
02/09/2022,West Bengal,73449598,66442305,154250587,14358684
02/09/2022,Miscellaneous,2243008,1578989,5291211,1469214
02/09/2022,Dadra and Nagar Haveli and Daman and Diu,780863,631145,1556409,144401
02/09/2022,Total,1023156959,943134383,2130107236,163815894
03/09/2022,Andaman and Nicobar Islands,347026,351941,956397,257430
03/09/2022,Andhra Pradesh,44683589,47545674,106414297,14185034
03/09/2022,Arunachal Pradesh,956174,809522,1859008,93312
03/09/2022,Assam,24740018,21968974,49763004,3054012
03/09/2022,Bihar,73024819,66415640,151847281,12406822
03/09/2022,Chandigarh,1183941,982174,2266429,100314
03/09/2022,Chhattisgarh,21177409,20004161,46897670,5716100
03/09/2022,Delhi,18247539,15570388,36657305,2839378
03/09/2022,Goa,1438557,1291808,2857098,126733
03/09/2022,Gujarat,54345372,53834775,124038551,15858404
03/09/2022,Haryana,23650375,19767083,45205197,1787739
03/09/2022,Himachal Pradesh,6625497,6284300,14793730,1883933
03/09/2022,Jammu and Kashmir,11362868,11735639,24359403,1260896
03/09/2022,Jharkhand,23786065,17283435,42349991,1280491
03/09/2022,Karnataka,55106636,55027699,118662505,8528170
03/09/2022,Kerala,29120278,25175373,57230433,2934782
03/09/2022,Ladakh,237990,202565,550040,109485
03/09/2022,Lakshadweep,61673,59968,136608,14967
03/09/2022,Madhya Pradesh,60656067,58886289,128838464,9296108
03/09/2022,Maharashtra,91503814,76188309,176120291,8428168
03/09/2022,Manipur,1633947,1308367,3191299,248985
03/09/2022,Meghalaya,1440330,1078781,2594605,75494
03/09/2022,Mizoram,891182,738152,1738686,109352
03/09/2022,Nagaland,920542,738099,1715593,56952
03/09/2022,Odisha,35143038,32662843,76073794,8267913
03/09/2022,Puducherry,989540,819067,2093504,284897
03/09/2022,Punjab,24111252,20847286,46569686,1611148
03/09/2022,Rajasthan,56857809,50476967,113471336,6136560
03/09/2022,Sikkim,590983,552250,1314514,171281
03/09/2022,Tamil Nadu,60850704,55946289,122636838,5839845
03/09/2022,Telangana,32376783,31297460,70144729,6470486
03/09/2022,Tripura,2912275,2508323,5788015,367417
03/09/2022,Uttar Pradesh,176677407,167661101,372178997,27840489
03/09/2022,Uttarakhand,9100177,8667873,19579786,1811736
03/09/2022,West Bengal,73451002,66449471,154298933,14398460
03/09/2022,Miscellaneous,2243008,1578989,5291211,1469214
03/09/2022,Dadra and Nagar Haveli and Daman and Diu,780895,631237,1557822,145690
03/09/2022,Total,1023226581,943348272,2132043050,165468197
04/09/2022,Andaman and Nicobar Islands,347034,351958,958160,259168
04/09/2022,Andhra Pradesh,44683604,47545698,106422664,14193362
04/09/2022,Arunachal Pradesh,956189,809527,1859133,93417
04/09/2022,Assam,24740309,21969233,49764257,3054715
04/09/2022,Bihar,73029614,66425981,151880307,12424712
04/09/2022,Chandigarh,1183973,982244,2266791,100574
04/09/2022,Chhattisgarh,21178125,20006866,46911145,5726154
04/09/2022,Delhi,18249122,15574398,36684065,2860545
04/09/2022,Goa,1438561,1291820,2857163,126782
04/09/2022,Gujarat,54345617,53835335,124063240,15882288
04/09/2022,Haryana,23650429,19767306,45206521,1788786
04/09/2022,Himachal Pradesh,6625513,6284386,14795355,1885456
04/09/2022,Jammu and Kashmir,11362912,11735992,24362523,1263619
04/09/2022,Jharkhand,23787000,17287213,42360822,1286609
04/09/2022,Karnataka,55106735,55027948,118667375,8532692
04/09/2022,Kerala,29120282,25175392,57230536,2934862
04/09/2022,Ladakh,237990,202565,550075,109520
04/09/2022,Lakshadweep,61673,59968,136865,15224
04/09/2022,Madhya Pradesh,60656099,58886449,128839037,9296489
04/09/2022,Maharashtra,91504026,76189306,176127105,8433773
04/09/2022,Manipur,1634000,1308432,3191473,249041
04/09/2022,Meghalaya,1440330,1078781,2594605,75494
04/09/2022,Mizoram,891182,738153,1738690,109355
04/09/2022,Nagaland,920590,738186,1716178,57402
04/09/2022,Odisha,35145196,32670899,76182553,8366458
04/09/2022,Puducherry,989606,820127,2097925,288192
04/09/2022,Punjab,24111392,20847840,46571614,1612382
04/09/2022,Rajasthan,56858334,50478928,113485676,6148414
04/09/2022,Sikkim,590990,552253,1314541,171298
04/09/2022,Tamil Nadu,60890247,56162005,123438083,6385831
04/09/2022,Telangana,32377253,31300333,70271251,6593665
04/09/2022,Tripura,2912283,2508369,5788532,367880
04/09/2022,Uttar Pradesh,176700043,167745352,374202135,29756740
04/09/2022,Uttarakhand,9100263,8668069,19581810,1813478
04/09/2022,West Bengal,73451201,66452120,154307394,14404073
04/09/2022,Miscellaneous,2243012,1578992,5291524,1469520
04/09/2022,Dadra and Nagar Haveli and Daman and Diu,780895,631237,1557822,145690
04/09/2022,Total,1023301624,943689661,2135274945,168283660
05/09/2022,Andaman and Nicobar Islands,347043,351983,959325,260299
05/09/2022,Andhra Pradesh,44684175,47547165,106691195,14459855
05/09/2022,Arunachal Pradesh,956255,809717,1860213,94241
05/09/2022,Assam,24740953,21970912,49777807,3065942
05/09/2022,Bihar,73045287,66468077,152035706,12522342
05/09/2022,Chandigarh,1184002,982319,2267341,101020
05/09/2022,Chhattisgarh,21180307,20015717,46968156,5772132
05/09/2022,Delhi,18250332,15578090,36707880,2879458
05/09/2022,Goa,1438591,1291902,2857593,127100
05/09/2022,Gujarat,54347534,53840043,124216540,16028963
05/09/2022,Haryana,23651639,19770387,45219728,1797702
05/09/2022,Himachal Pradesh,6625713,6285108,14810465,1899644
05/09/2022,Jammu and Kashmir,11363010,11738684,24375476,1273782
05/09/2022,Jharkhand,23788298,17292875,42381417,1300244
05/09/2022,Karnataka,55107610,55031959,118716894,8577325
05/09/2022,Kerala,29120770,25177028,57235494,2937696
05/09/2022,Ladakh,238003,202585,550608,110020
05/09/2022,Lakshadweep,61674,59970,137084,15440
05/09/2022,Madhya Pradesh,60659734,58893614,128898780,9345432
05/09/2022,Maharashtra,91506519,76198075,176176984,8472390
05/09/2022,Manipur,1634179,1308809,3193130,250142
05/09/2022,Meghalaya,1440384,1078883,2595173,75906
05/09/2022,Mizoram,891300,738344,1741003,111359
05/09/2022,Nagaland,920616,738280,1716513,57617
05/09/2022,Odisha,35148209,32681277,76348926,8519440
05/09/2022,Puducherry,989789,821750,2104643,293104
05/09/2022,Punjab,24112855,20851797,46586719,1622067
05/09/2022,Rajasthan,56858760,50480299,113495832,6156773
05/09/2022,Sikkim,591010,552364,1316874,173500
05/09/2022,Tamil Nadu,60897088,56188041,123520573,6435444
05/09/2022,Telangana,32379205,31307012,70533016,6846799
05/09/2022,Tripura,2912405,2508575,5791845,370865
05/09/2022,Uttar Pradesh,176707917,167772248,374608560,30128395
05/09/2022,Uttarakhand,9100536,8668989,19596436,1826911
05/09/2022,West Bengal,73453243,66461015,154423940,14509682
05/09/2022,Miscellaneous,2243012,1578992,5291524,1469520
05/09/2022,Dadra and Nagar Haveli and Daman and Diu,780924,631307,1559222,146991
05/09/2022,Total,1023358881,943874192,2137268615,170035542
06/09/2022,Andaman and Nicobar Islands,347084,352030,960383,261269
06/09/2022,Andhra Pradesh,44684464,47547801,106792683,14560418
06/09/2022,Arunachal Pradesh,956329,809960,1861036,94747
06/09/2022,Assam,24741746,21972283,49790085,3076056
06/09/2022,Bihar,73057061,66495618,152145648,12592969
06/09/2022,Chandigarh,1184022,982390,2267940,101528
06/09/2022,Chhattisgarh,21181938,20022049,47014745,5810758
06/09/2022,Delhi,18251783,15582154,36734219,2900282
06/09/2022,Goa,1438618,1291989,2858166,127559
06/09/2022,Gujarat,54349223,53845687,124383435,16188525
06/09/2022,Haryana,23652533,19773312,45230640,1804795
06/09/2022,Himachal Pradesh,6626121,6285908,14831817,1919788
06/09/2022,Jammu and Kashmir,11363172,11741990,24390419,1285257
06/09/2022,Jharkhand,23789049,17297501,42395323,1308773
06/09/2022,Karnataka,55108351,55035796,118755606,8611459
06/09/2022,Kerala,29121146,25178275,57240155,2940734
06/09/2022,Ladakh,238008,202602,550912,110302
06/09/2022,Lakshadweep,61674,59972,137252,15606
06/09/2022,Madhya Pradesh,60661039,58897461,128926568,9368068
06/09/2022,Maharashtra,91510071,76210207,176241598,8521320
06/09/2022,Manipur,1634541,1309705,3195317,251071
06/09/2022,Meghalaya,1440495,1079155,2595885,76235
06/09/2022,Mizoram,891394,738489,1743334,113451
06/09/2022,Nagaland,920673,738394,1716807,57740
06/09/2022,Odisha,35152543,32695185,76516540,8668812
06/09/2022,Puducherry,989956,823753,2112306,298597
06/09/2022,Punjab,24114437,20857007,46603685,1632241
06/09/2022,Rajasthan,56862963,50490040,113551886,6198883
06/09/2022,Sikkim,591113,552598,1320378,176667
06/09/2022,Tamil Nadu,60909202,56202221,123589750,6478327
06/09/2022,Telangana,32381538,31314730,70807745,7111477
06/09/2022,Tripura,2912497,2508777,5794512,373238
06/09/2022,Uttar Pradesh,176719337,167812245,375085290,30553708
06/09/2022,Uttarakhand,9100953,8670697,19609665,1838015
06/09/2022,West Bengal,73456188,66472659,154544372,14615525
06/09/2022,Miscellaneous,2243053,1579051,5293594,1471490
06/09/2022,Dadra and Nagar Haveli and Daman and Diu,780961,631377,1560238,147900
06/09/2022,Total,1023425276,944061068,2139149934,171663590
07/09/2022,Andaman and Nicobar Islands,347094,352068,961962,262800
07/09/2022,Andhra Pradesh,44684879,47548364,106958798,14725555
07/09/2022,Arunachal Pradesh,956404,810230,1861943,95309
07/09/2022,Assam,24742241,21973925,49799335,3083169
07/09/2022,Bihar,73070171,66527190,152264700,12667339
07/09/2022,Chandigarh,1184045,982480,2268594,102069
07/09/2022,Chhattisgarh,21185345,20032761,47094061,5875955
07/09/2022,Delhi,18253170,15586100,36757119,2917849
07/09/2022,Goa,1438657,1292076,2858638,127905
07/09/2022,Gujarat,54351269,53851630,124507305,16304406
07/09/2022,Haryana,23652961,19775465,45238627,1810201
07/09/2022,Himachal Pradesh,6626500,6286873,14854574,1941201
07/09/2022,Jammu and Kashmir,11363255,11743237,24399205,1292713
07/09/2022,Jharkhand,23791343,17302255,42416572,1322974
07/09/2022,Karnataka,55110712,55052399,118934774,8771663
07/09/2022,Kerala,29121175,25178364,57240489,2940950
07/09/2022,Ladakh,238010,202626,551303,110667
07/09/2022,Lakshadweep,61674,59978,137379,15727
07/09/2022,Madhya Pradesh,60684313,58969398,130325939,10672228
07/09/2022,Maharashtra,91515361,76223738,176311066,8571967
07/09/2022,Manipur,1635200,1311092,3198496,252204
07/09/2022,Meghalaya,1440685,1079614,2596715,76416
07/09/2022,Mizoram,891540,738833,1745623,115250
07/09/2022,Nagaland,920716,738513,1717095,57866
07/09/2022,Odisha,35156988,32708268,76718141,8852885
07/09/2022,Puducherry,990066,825489,2118033,302478
07/09/2022,Punjab,24115394,20861197,46616160,1639569
07/09/2022,Rajasthan,56868861,50502892,113617876,6246123
07/09/2022,Sikkim,591172,552946,1324891,180773
07/09/2022,Tamil Nadu,60916728,56216791,123643292,6509773
07/09/2022,Telangana,32383724,31321180,71088264,7383360
07/09/2022,Tripura,2912549,2508922,5795631,374160
07/09/2022,Uttar Pradesh,176728431,167844196,375774200,31201573
07/09/2022,Uttarakhand,9101185,8671974,19618005,1844846
07/09/2022,West Bengal,73458348,66480458,154612366,14673560
07/09/2022,Miscellaneous,2243053,1579051,5293594,1471490
07/09/2022,Dadra and Nagar Haveli and Daman and Diu,780998,631434,1561146,148714
07/09/2022,Total,1023514217,944324007,2142781911,174943687
08/09/2022,Andaman and Nicobar Islands,347095,352071,963167,264001
08/09/2022,Andhra Pradesh,44685359,47549532,107129998,14895107
08/09/2022,Arunachal Pradesh,956495,810611,1862955,95849
08/09/2022,Assam,24745690,21978994,49819534,3094850
08/09/2022,Bihar,73106064,66680385,152841476,13055027
08/09/2022,Chandigarh,1184058,982579,2269205,102568
08/09/2022,Chhattisgarh,21189160,20046196,47182525,5947169
08/09/2022,Delhi,18254506,15589739,36781177,2936932
08/09/2022,Goa,1438681,1292160,2859077,128236
08/09/2022,Gujarat,54353072,53859782,124638887,16426033
08/09/2022,Haryana,23653487,19777545,45247868,1816836
08/09/2022,Himachal Pradesh,6626940,6287883,14876146,1961323
08/09/2022,Jammu and Kashmir,11363372,11744525,24409169,1301272
08/09/2022,Jharkhand,23793765,17308637,42438801,1336399
08/09/2022,Karnataka,55111574,55057186,118985301,8816541
08/09/2022,Kerala,29121182,25178379,57240547,2940986
08/09/2022,Ladakh,238014,202641,551701,111046
08/09/2022,Lakshadweep,61674,59978,137379,15727
08/09/2022,Madhya Pradesh,60685067,58975734,130391742,10730941
08/09/2022,Maharashtra,91519993,76237375,176375137,8617769
08/09/2022,Manipur,1636098,1312155,3201126,252873
08/09/2022,Meghalaya,1440892,1080053,2597656,76711
08/09/2022,Mizoram,891728,739022,1747561,116811
08/09/2022,Nagaland,920846,738868,1718005,58291
08/09/2022,Odisha,35162380,32722905,76932060,9046775
08/09/2022,Puducherry,990164,826758,2123278,306356
08/09/2022,Punjab,24116797,20865361,46629005,1646847
08/09/2022,Rajasthan,56872328,50510721,113664203,6281154
08/09/2022,Sikkim,591223,553107,1328719,184389
08/09/2022,Tamil Nadu,60922760,56228881,123690731,6539090
08/09/2022,Telangana,32386044,31330300,71366662,7650318
08/09/2022,Tripura,2912625,2509141,5797209,375443
08/09/2022,Uttar Pradesh,176738425,167888341,376621764,31994998
08/09/2022,Uttarakhand,9101640,8672755,19629326,1854931
08/09/2022,West Bengal,73459690,66488512,154686640,14738438
08/09/2022,Miscellaneous,2243053,1579051,5293594,1471490
08/09/2022,Dadra and Nagar Haveli and Daman and Diu,781019,631487,1561769,149263
08/09/2022,Total,1023602960,944649350,2145591100,177338790